target,Fips,County,Emp-11-2017,Emp-11-2018,Emp-11-2019,Emp-11-2020,Emp-11-2021,Emp-21-2017,Emp-21-2018,Emp-21-2019,Emp-21-2020,Emp-21-2021,Emp-22-2017,Emp-22-2018,Emp-22-2019,Emp-22-2020,Emp-22-2021,Emp-23-2017,Emp-23-2018,Emp-23-2019,Emp-23-2020,Emp-23-2021,Emp-42-2017,Emp-42-2018,Emp-42-2019,Emp-42-2020,Emp-42-2021,Emp-51-2017,Emp-51-2018,Emp-51-2019,Emp-51-2020,Emp-51-2021,Emp-52-2017,Emp-52-2018,Emp-52-2019,Emp-52-2020,Emp-52-2021,Emp-53-2017,Emp-53-2018,Emp-53-2019,Emp-53-2020,Emp-53-2021,Emp-54-2017,Emp-54-2018,Emp-54-2019,Emp-54-2020,Emp-54-2021,Emp-55-2017,Emp-55-2018,Emp-55-2019,Emp-55-2020,Emp-55-2021,Emp-56-2017,Emp-56-2018,Emp-56-2019,Emp-56-2020,Emp-56-2021,Emp-61-2017,Emp-61-2018,Emp-61-2019,Emp-61-2020,Emp-61-2021,Emp-62-2017,Emp-62-2018,Emp-62-2019,Emp-62-2020,Emp-62-2021,Emp-71-2017,Emp-71-2018,Emp-71-2019,Emp-71-2020,Emp-71-2021,Emp-72-2017,Emp-72-2018,Emp-72-2019,Emp-72-2020,Emp-72-2021,Emp-81-2017,Emp-81-2018,Emp-81-2019,Emp-81-2020,Emp-81-2021,Emp-99-2018,Emp-99-2019,Emp-99-2020,Emp-99-2021,Est-11-2017,Est-11-2018,Est-11-2019,Est-11-2020,Est-11-2021,Est-21-2017,Est-21-2018,Est-21-2019,Est-21-2020,Est-21-2021,Est-22-2017,Est-22-2018,Est-22-2019,Est-22-2020,Est-22-2021,Est-23-2017,Est-23-2018,Est-23-2019,Est-23-2020,Est-23-2021,Est-42-2017,Est-42-2018,Est-42-2019,Est-42-2020,Est-42-2021,Est-51-2017,Est-51-2018,Est-51-2019,Est-51-2020,Est-51-2021,Est-52-2017,Est-52-2018,Est-52-2019,Est-52-2020,Est-52-2021,Est-53-2017,Est-53-2018,Est-53-2019,Est-53-2020,Est-53-2021,Est-54-2017,Est-54-2018,Est-54-2019,Est-54-2020,Est-54-2021,Est-55-2017,Est-55-2018,Est-55-2019,Est-55-2020,Est-55-2021,Est-56-2017,Est-56-2018,Est-56-2019,Est-56-2020,Est-56-2021,Est-61-2017,Est-61-2018,Est-61-2019,Est-61-2020,Est-61-2021,Est-62-2017,Est-62-2018,Est-62-2019,Est-62-2020,Est-62-2021,Est-71-2017,Est-71-2018,Est-71-2019,Est-71-2020,Est-71-2021,Est-72-2017,Est-72-2018,Est-72-2019,Est-72-2020,Est-72-2021,Est-81-2017,Est-81-2018,Est-81-2019,Est-81-2020,Est-81-2021,Est-99-2018,Est-99-2019,Est-99-2020,Est-99-2021,Km2-2017,Km2-2018,Km2-2019,Km2-2020,Km2-2021,Latitude-2017,Latitude-2018,Latitude-2019,Latitude-2020,Latitude-2021,Longitude-2017,Longitude-2018,Longitude-2019,Longitude-2020,Longitude-2021,Pay-11-2017,Pay-11-2018,Pay-11-2019,Pay-11-2020,Pay-11-2021,Pay-21-2017,Pay-21-2018,Pay-21-2019,Pay-21-2020,Pay-21-2021,Pay-22-2017,Pay-22-2018,Pay-22-2019,Pay-22-2020,Pay-22-2021,Pay-23-2017,Pay-23-2018,Pay-23-2019,Pay-23-2020,Pay-23-2021,Pay-42-2017,Pay-42-2018,Pay-42-2019,Pay-42-2020,Pay-42-2021,Pay-51-2017,Pay-51-2018,Pay-51-2019,Pay-51-2020,Pay-51-2021,Pay-52-2017,Pay-52-2018,Pay-52-2019,Pay-52-2020,Pay-52-2021,Pay-53-2017,Pay-53-2018,Pay-53-2019,Pay-53-2020,Pay-53-2021,Pay-54-2017,Pay-54-2018,Pay-54-2019,Pay-54-2020,Pay-54-2021,Pay-55-2017,Pay-55-2018,Pay-55-2019,Pay-55-2020,Pay-55-2021,Pay-56-2017,Pay-56-2018,Pay-56-2019,Pay-56-2020,Pay-56-2021,Pay-61-2017,Pay-61-2018,Pay-61-2019,Pay-61-2020,Pay-61-2021,Pay-62-2017,Pay-62-2018,Pay-62-2019,Pay-62-2020,Pay-62-2021,Pay-71-2017,Pay-71-2018,Pay-71-2019,Pay-71-2020,Pay-71-2021,Pay-72-2017,Pay-72-2018,Pay-72-2019,Pay-72-2020,Pay-72-2021,Pay-81-2017,Pay-81-2018,Pay-81-2019,Pay-81-2020,Pay-81-2021,Pay-99-2018,Pay-99-2019,Pay-99-2020,Pay-99-2021,PercentUrban-2017,PercentUrban-2018,PercentUrban-2019,PercentUrban-2020,PercentUrban-2021,Population-2017,Population-2018,Population-2019,Population-2020,Population-2021,UrbanDensity-2017,UrbanDensity-2018,UrbanDensity-2019,UrbanDensity-2020,UrbanDensity-2021
1.0,46003,Aurora County,,,,17.0,,,,,,,,,,,,25.0,18.0,26.0,32.0,32.0,36.0,35.0,38.0,41.0,40.0,,,,,,47.0,40.0,26.0,27.0,28.0,,,,,,74.0,72.0,77.0,114.0,118.0,,,,,,,,,,,,,,,,190.0,207.0,204.0,169.0,153.0,,,,,,27.0,35.0,36.0,30.0,32.0,33.0,39.0,31.0,31.0,28.0,,,,,,,,3.0,,,,,,,,,,,,11.0,13.0,12.0,12.0,13.0,6.0,5.0,5.0,5.0,5.0,,,,,,7.0,8.0,7.0,6.0,6.0,,,,,,6.0,6.0,6.0,6.0,5.0,,,,,,,,,,,,,,,,8.0,9.0,8.0,9.0,9.0,,,,,,9.0,11.0,10.0,8.0,8.0,8.0,9.0,9.0,8.0,6.0,,,,,1845.9,1845.97,1846.04,1845.99,1846.07,43.7,43.7,43.7,43.7,43.7,-98.57,-98.57,-98.57,-98.57,-98.57,,,,746.0,,,,,,,,,,,,1108.0,1149.0,1279.0,1628.0,1774.0,1712.0,1664.0,1727.0,1717.0,1909.0,,,,,,2855.0,2951.0,1852.0,2004.0,2200.0,,,,,,2590.0,2796.0,2497.0,3487.0,3987.0,,,,,,,,,,,,,,,,6751.0,7024.0,6561.0,5876.0,5264.0,,,,,,282.0,273.0,325.0,302.0,377.0,1028.0,1071.0,1104.0,1057.0,1013.0,,,,,0.0,0.0,0.0,0.0,0.0,3,3,3,3,3,0.0,0.0,0.0,0.0,0.0
0.0,46051,Grant County,,,,,14.0,0.0,15.0,17.0,22.0,19.0,149.0,149.0,152.0,152.0,148.0,148.0,158.0,170.0,194.0,196.0,119.0,114.0,111.0,113.0,109.0,65.0,69.0,50.0,37.0,31.0,113.0,162.0,173.0,170.0,155.0,9.0,8.0,10.0,10.0,11.0,46.0,42.0,41.0,47.0,46.0,,,,,,144.0,110.0,99.0,96.0,74.0,,,,,,603.0,553.0,609.0,700.0,728.0,46.0,58.0,63.0,41.0,42.0,247.0,245.0,230.0,232.0,209.0,153.0,159.0,143.0,128.0,125.0,,,,,,,,,4.0,3.0,3.0,3.0,3.0,3.0,6.0,6.0,6.0,7.0,7.0,35.0,38.0,35.0,35.0,38.0,13.0,11.0,11.0,11.0,11.0,7.0,7.0,6.0,6.0,6.0,17.0,18.0,19.0,20.0,19.0,6.0,7.0,7.0,7.0,9.0,14.0,15.0,17.0,16.0,15.0,,,,,,14.0,12.0,12.0,10.0,8.0,,,,,,25.0,21.0,22.0,22.0,23.0,8.0,8.0,9.0,9.0,8.0,27.0,26.0,24.0,23.0,24.0,33.0,35.0,33.0,33.0,33.0,,,,,1780.78,1780.89,1780.9,1780.8,1780.9,45.94,45.94,45.94,45.94,45.94,-96.03,-96.03,-96.03,-96.03,-96.03,,,,,442.0,0.0,703.0,652.0,970.0,1020.0,12523.0,12869.0,13328.0,13729.0,14822.0,10380.0,12527.0,11978.0,13666.0,14326.0,6324.0,6656.0,6965.0,7348.0,8211.0,1493.0,1551.0,1313.0,1064.0,1235.0,5464.0,7319.0,8568.0,8218.0,7589.0,243.0,217.0,230.0,259.0,285.0,1354.0,1270.0,1303.0,1574.0,1543.0,,,,,,5272.0,5218.0,5287.0,4913.0,4324.0,,,,,,28562.0,29259.0,27236.0,30053.0,32510.0,1190.0,1335.0,1442.0,1222.0,1138.0,2718.0,2546.0,2731.0,2548.0,2744.0,3399.0,3439.0,3287.0,3011.0,3117.0,,,,,0.0,0.0,0.0,0.0,0.0,7,7,7,7,8,0.0,0.0,0.0,0.0,0.0
1.0,46053,Gregory County,6.0,12.0,7.0,2.0,3.0,,,,,,,,,,,67.0,68.0,51.0,54.0,54.0,56.0,45.0,43.0,41.0,41.0,,,5.0,7.0,7.0,69.0,65.0,66.0,68.0,64.0,12.0,7.0,9.0,10.0,,37.0,55.0,45.0,40.0,39.0,,,,,,,,,,,,,,,,247.0,269.0,278.0,309.0,300.0,25.0,25.0,24.0,14.0,22.0,105.0,119.0,86.0,92.0,105.0,54.0,59.0,54.0,49.0,53.0,,,,,4.0,4.0,4.0,3.0,4.0,,,,,,,,,,,24.0,26.0,23.0,20.0,21.0,8.0,8.0,8.0,6.0,6.0,,,3.0,3.0,3.0,11.0,10.0,10.0,9.0,9.0,3.0,3.0,3.0,3.0,,11.0,10.0,11.0,11.0,11.0,,,,,,,,,,,,,,,,16.0,17.0,18.0,16.0,16.0,6.0,7.0,7.0,7.0,8.0,20.0,19.0,19.0,22.0,18.0,25.0,22.0,24.0,24.0,23.0,,,,,2728.32,2728.28,2728.32,2728.24,2728.27,43.17,43.17,43.17,43.17,43.17,-99.17,-99.17,-99.17,-99.17,-99.17,85.0,76.0,65.0,54.0,172.0,,,,,,,,,,,2018.0,1944.0,1836.0,2335.0,1968.0,1049.0,1025.0,523.0,341.0,441.0,,,115.0,204.0,212.0,3513.0,3350.0,3572.0,3652.0,3851.0,239.0,358.0,315.0,340.0,,1139.0,1184.0,1201.0,1306.0,1499.0,,,,,,,,,,,,,,,,8119.0,8936.0,9211.0,12357.0,13802.0,695.0,852.0,877.0,845.0,1034.0,1278.0,1254.0,1383.0,1278.0,1471.0,1157.0,1190.0,1023.0,1063.0,1202.0,,,,,0.0,0.0,0.0,0.0,0.0,4,4,4,4,4,0.0,0.0,0.0,0.0,0.0
1.0,46123,Tripp County,,,,,,,,,,,,,,,,69.0,68.0,73.0,68.0,68.0,150.0,158.0,178.0,139.0,130.0,0.0,25.0,31.0,31.0,31.0,70.0,64.0,68.0,65.0,73.0,,,3.0,4.0,2.0,52.0,62.0,67.0,81.0,61.0,,,,,,22.0,28.0,18.0,28.0,32.0,,,,,,468.0,435.0,456.0,453.0,413.0,0.0,2.0,2.0,,,159.0,202.0,252.0,209.0,204.0,96.0,83.0,75.0,62.0,86.0,,,,,,,,,,,,,,,,,,,,10.0,12.0,14.0,12.0,14.0,12.0,14.0,13.0,9.0,8.0,4.0,4.0,5.0,4.0,5.0,13.0,13.0,12.0,11.0,12.0,,,4.0,3.0,3.0,12.0,12.0,13.0,11.0,11.0,,,,,,4.0,4.0,3.0,4.0,4.0,,,,,,25.0,25.0,26.0,29.0,29.0,3.0,3.0,3.0,,,23.0,22.0,24.0,21.0,21.0,22.0,20.0,19.0,19.0,22.0,,,,,4188.72,4188.76,4188.76,4188.77,4188.75,43.32,43.32,43.32,43.32,43.32,-99.89,-99.89,-99.89,-99.89,-99.89,,,,,,,,,,,,,,,,2957.0,2887.0,3105.0,3581.0,3398.0,8284.0,8995.0,8069.0,7892.0,8214.0,0.0,1416.0,1217.0,1230.0,1365.0,2823.0,2633.0,2766.0,2711.0,3874.0,,,107.0,70.0,64.0,2363.0,2982.0,2986.0,2729.0,3211.0,,,,,,512.0,483.0,459.0,465.0,400.0,,,,,,16754.0,14430.0,15144.0,15697.0,16755.0,0.0,95.0,97.0,,,2495.0,2747.0,3214.0,2981.0,3209.0,1679.0,1529.0,1539.0,1617.0,1782.0,,,,,0.0,0.0,0.0,0.0,0.0,5,5,5,5,6,0.0,0.0,0.0,0.0,0.0
1.0,46085,Lyman County,,,,,,,,,,,,,,,,26.0,33.0,15.0,18.0,18.0,53.0,50.0,60.0,50.0,54.0,,,,,,29.0,30.0,32.0,34.0,30.0,,,,,2.0,0.0,5.0,,,8.0,,,,,,,,6.0,6.0,,,,,,,,,,,,,,,,,206.0,180.0,179.0,167.0,153.0,12.0,11.0,10.0,11.0,21.0,,,,,,,,,,,,,,,,,,,,10.0,11.0,9.0,11.0,10.0,5.0,5.0,4.0,5.0,5.0,,,,,,9.0,8.0,8.0,8.0,8.0,,,,,3.0,3.0,4.0,,,3.0,,,,,,,,3.0,3.0,,,,,,,,,,,,,,,,,15.0,13.0,15.0,13.0,16.0,6.0,5.0,5.0,6.0,8.0,,,,,4420.44,4420.38,4420.38,4420.62,4420.42,43.92,43.92,43.92,43.92,43.92,-99.86,-99.86,-99.86,-99.86,-99.86,,,,,,,,,,,,,,,,794.0,954.0,687.0,760.0,814.0,1909.0,1691.0,2029.0,1951.0,2169.0,,,,,,916.0,1067.0,1287.0,1375.0,1364.0,,,,,89.0,0.0,85.0,,,177.0,,,,,,,,120.0,118.0,,,,,,,,,,,,,,,,,3894.0,3764.0,3993.0,2897.0,3885.0,211.0,205.0,228.0,228.0,367.0,,,,,0.0,0.0,0.0,0.0,0.0,4,4,4,4,4,0.0,0.0,0.0,0.0,0.0
1.0,46137,Ziebach County,,,,,,,,,,,,,,,,3.0,8.0,0.0,8.0,,24.0,22.0,24.0,24.0,25.0,,,,,,26.0,27.0,27.0,27.0,27.0,,3.0,4.0,5.0,5.0,,,,,,,,,,,,,,,,,,,,,80.0,77.0,80.0,69.0,82.0,,,,,,48.0,72.0,74.0,69.0,53.0,,,,,,,,,,,,,,,,,,,,,,,,,3.0,4.0,3.0,4.0,,4.0,4.0,4.0,4.0,4.0,,,,,,4.0,4.0,4.0,5.0,4.0,,3.0,3.0,3.0,3.0,,,,,,,,,,,,,,,,,,,,,9.0,9.0,9.0,9.0,9.0,,,,,,4.0,5.0,5.0,4.0,4.0,,,,,,,,,,5103.93,5103.92,5104.32,5104.46,5104.36,44.92,44.92,44.92,44.92,44.92,-101.71,-101.71,-101.71,-101.71,-101.71,,,,,,,,,,,,,,,,149.0,199.0,90.0,198.0,,890.0,917.0,891.0,944.0,1066.0,,,,,,1384.0,1267.0,1409.0,1500.0,2445.0,,71.0,66.0,68.0,72.0,,,,,,,,,,,,,,,,,,,,,3106.0,3121.0,3238.0,3898.0,3471.0,,,,,,774.0,1090.0,1020.0,868.0,958.0,,,,,,,,,,0.0,0.0,0.0,0.0,0.0,3,3,3,3,2,0.0,0.0,0.0,0.0,0.0
1.0,46039,Deuel County,,,,,,,,,,,29.0,31.0,31.0,30.0,27.0,125.0,94.0,57.0,124.0,99.0,61.0,57.0,66.0,67.0,64.0,0.0,59.0,57.0,51.0,51.0,41.0,43.0,40.0,40.0,34.0,,5.0,,,,24.0,23.0,22.0,21.0,30.0,,,,,,2.0,4.0,2.0,2.0,5.0,,,,,,173.0,159.0,139.0,146.0,148.0,10.0,7.0,9.0,8.0,3.0,45.0,49.0,40.0,51.0,70.0,47.0,48.0,36.0,44.0,57.0,,,,,,,,,,,,,,,3.0,3.0,3.0,3.0,3.0,31.0,29.0,31.0,32.0,28.0,8.0,7.0,6.0,6.0,8.0,4.0,4.0,4.0,4.0,4.0,7.0,7.0,7.0,7.0,8.0,,3.0,,,,7.0,7.0,7.0,7.0,9.0,,,,,,4.0,4.0,4.0,5.0,4.0,,,,,,6.0,6.0,5.0,6.0,7.0,3.0,3.0,5.0,3.0,5.0,9.0,8.0,7.0,7.0,8.0,16.0,15.0,15.0,13.0,14.0,,,,,1648.4,1648.28,1648.26,1648.34,1648.26,41.11,41.11,41.11,41.11,41.11,-102.33,-102.33,-102.33,-102.33,-102.33,,,,,,,,,,,1874.0,1915.0,2047.0,2109.0,2127.0,8179.0,7760.0,7107.0,8622.0,8326.0,2862.0,3058.0,3014.0,3234.0,5120.0,0.0,3708.0,3840.0,2888.0,3536.0,2490.0,2650.0,2646.0,2614.0,3725.0,,23.0,,,,939.0,860.0,819.0,883.0,930.0,,,,,,104.0,59.0,104.0,130.0,212.0,,,,,,5806.0,5646.0,5639.0,6127.0,6659.0,116.0,112.0,128.0,41.0,110.0,499.0,391.0,430.0,565.0,680.0,747.0,829.0,912.0,1000.0,1270.0,,,,,0.0,0.0,0.0,0.0,0.0,4,4,4,4,4,0.0,0.0,0.0,0.0,0.0
1.0,46115,Spink County,,,,,,,,,,,,,,,,56.0,51.0,49.0,54.0,56.0,197.0,253.0,187.0,256.0,265.0,0.0,9.0,,,7.0,70.0,94.0,96.0,97.0,78.0,0.0,5.0,4.0,3.0,4.0,35.0,36.0,28.0,37.0,37.0,,,,,,0.0,7.0,6.0,5.0,11.0,,,,,,296.0,230.0,235.0,285.0,282.0,0.0,7.0,13.0,19.0,16.0,130.0,136.0,123.0,101.0,97.0,79.0,88.0,87.0,80.0,77.0,,,,,,,,,,,,,,,,,,,,18.0,15.0,15.0,17.0,16.0,20.0,21.0,17.0,21.0,21.0,3.0,3.0,,,3.0,19.0,18.0,18.0,19.0,17.0,3.0,3.0,3.0,3.0,3.0,7.0,7.0,7.0,7.0,7.0,,,,,,3.0,3.0,3.0,4.0,5.0,,,,,,16.0,14.0,16.0,16.0,20.0,3.0,4.0,5.0,5.0,6.0,18.0,18.0,17.0,14.0,14.0,26.0,26.0,26.0,23.0,23.0,,,,,3910.5,3910.5,3910.53,3910.42,3910.49,44.94,44.94,44.94,44.94,44.94,-98.37,-98.37,-98.37,-98.37,-98.37,,,,,,,,,,,,,,,,2806.0,2503.0,2184.0,2544.0,2740.0,13387.0,16272.0,12275.0,16170.0,18661.0,0.0,135.0,,,145.0,3200.0,5067.0,5451.0,8397.0,4021.0,0.0,141.0,148.0,151.0,141.0,1725.0,1778.0,1762.0,1782.0,1860.0,,,,,,0.0,225.0,231.0,260.0,335.0,,,,,,8398.0,7951.0,9193.0,9536.0,10124.0,0.0,147.0,188.0,242.0,189.0,1899.0,1719.0,1623.0,1603.0,1878.0,1799.0,1906.0,1974.0,2180.0,2333.0,,,,,0.0,0.0,0.0,0.0,0.0,6,7,6,6,6,0.0,0.0,0.0,0.0,0.0
1.0,46009,Bon Homme County,,,,,,,,,,,,,,,,43.0,31.0,27.0,39.0,44.0,127.0,110.0,101.0,108.0,103.0,0.0,12.0,13.0,9.0,8.0,62.0,66.0,62.0,61.0,65.0,9.0,11.0,9.0,9.0,8.0,25.0,31.0,24.0,25.0,18.0,,,,,,15.0,9.0,8.0,10.0,8.0,,,,,,296.0,321.0,311.0,373.0,360.0,12.0,10.0,8.0,6.0,9.0,43.0,40.0,51.0,64.0,38.0,51.0,59.0,62.0,49.0,43.0,,,,,,,,,,,,,,,,,,,,12.0,10.0,10.0,11.0,13.0,14.0,14.0,13.0,14.0,14.0,3.0,3.0,4.0,4.0,3.0,20.0,19.0,18.0,19.0,18.0,4.0,4.0,4.0,4.0,5.0,6.0,6.0,7.0,6.0,6.0,,,,,,7.0,7.0,6.0,5.0,5.0,,,,,,17.0,19.0,17.0,20.0,19.0,5.0,5.0,5.0,4.0,5.0,8.0,8.0,10.0,11.0,8.0,22.0,23.0,22.0,21.0,21.0,,,,,1506.29,1506.28,1506.28,1506.2,1506.32,43.01,43.01,43.01,43.01,43.01,-97.87,-97.87,-97.87,-97.87,-97.87,,,,,,,,,,,,,,,,1293.0,1486.0,1496.0,2020.0,2057.0,3685.0,3342.0,3613.0,3672.0,3877.0,0.0,632.0,408.0,312.0,285.0,2942.0,3008.0,2890.0,3298.0,3653.0,88.0,100.0,103.0,107.0,121.0,990.0,944.0,946.0,768.0,702.0,,,,,,296.0,253.0,235.0,237.0,306.0,,,,,,9202.0,9639.0,9536.0,12053.0,13185.0,234.0,222.0,226.0,233.0,229.0,444.0,471.0,569.0,556.0,520.0,971.0,1049.0,1114.0,1129.0,1260.0,,,,,0.0,0.0,0.0,0.0,0.0,7,7,7,7,7,0.0,0.0,0.0,0.0,0.0
1.0,46015,Brule County,4.0,3.0,2.0,2.0,,,,,,,,,,,,63.0,64.0,85.0,77.0,80.0,128.0,164.0,194.0,199.0,234.0,,30.0,32.0,34.0,30.0,76.0,74.0,73.0,73.0,57.0,,,,,,51.0,48.0,53.0,53.0,59.0,,,,,,47.0,50.0,49.0,53.0,190.0,,,,,,408.0,426.0,432.0,472.0,452.0,12.0,13.0,39.0,11.0,11.0,273.0,286.0,291.0,298.0,283.0,98.0,101.0,99.0,102.0,103.0,,,,,3.0,3.0,3.0,3.0,,,,,,,,,,,,26.0,27.0,26.0,23.0,22.0,15.0,14.0,14.0,13.0,14.0,,3.0,3.0,3.0,4.0,15.0,15.0,14.0,14.0,14.0,,,,,,17.0,18.0,11.0,11.0,14.0,,,,,,7.0,7.0,7.0,8.0,8.0,,,,,,27.0,26.0,28.0,26.0,24.0,5.0,7.0,7.0,5.0,6.0,30.0,29.0,29.0,30.0,26.0,26.0,24.0,24.0,23.0,23.0,,,,,2192.34,2192.4,2192.34,2192.45,2192.31,43.68,43.68,43.68,43.68,43.68,-99.05,-99.05,-99.05,-99.05,-99.05,127.0,130.0,110.0,139.0,,,,,,,,,,,,2190.0,2121.0,2388.0,2534.0,2500.0,5845.0,6234.0,6283.0,6704.0,7614.0,,1716.0,1667.0,1801.0,1782.0,3693.0,3716.0,3733.0,3811.0,3358.0,,,,,,1231.0,1514.0,1458.0,1730.0,2006.0,,,,,,1912.0,2128.0,2084.0,3745.0,10173.0,,,,,,15389.0,16148.0,16817.0,16820.0,18296.0,244.0,838.0,1107.0,507.0,599.0,4305.0,4069.0,4465.0,4659.0,4694.0,2695.0,2621.0,2667.0,2764.0,2848.0,,,,,0.0,0.0,0.0,0.0,0.0,5,5,5,5,5,0.0,0.0,0.0,0.0,0.0
0.0,46011,Brookings County,,,,,,14.0,14.0,16.0,15.0,15.0,66.0,69.0,62.0,67.0,63.0,560.0,546.0,532.0,527.0,570.0,334.0,313.0,349.0,357.0,373.0,178.0,162.0,162.0,154.0,125.0,597.0,649.0,708.0,741.0,667.0,187.0,196.0,247.0,211.0,217.0,596.0,583.0,602.0,506.0,621.0,,,,,19.0,238.0,230.0,177.0,212.0,212.0,91.0,100.0,82.0,100.0,102.0,1517.0,1697.0,1669.0,2104.0,2090.0,161.0,180.0,215.0,266.0,236.0,1893.0,1838.0,1800.0,1640.0,1599.0,686.0,584.0,593.0,571.0,583.0,,,2.0,,,,,,,3.0,3.0,3.0,3.0,3.0,5.0,6.0,5.0,5.0,6.0,115.0,106.0,112.0,106.0,122.0,39.0,37.0,36.0,37.0,40.0,18.0,17.0,17.0,17.0,16.0,54.0,54.0,49.0,54.0,59.0,44.0,44.0,43.0,46.0,43.0,76.0,76.0,80.0,79.0,78.0,,,,,3.0,46.0,46.0,49.0,50.0,53.0,17.0,15.0,16.0,15.0,15.0,94.0,92.0,87.0,92.0,93.0,29.0,28.0,28.0,30.0,30.0,89.0,89.0,87.0,88.0,85.0,100.0,98.0,97.0,102.0,104.0,,,3.0,,2084.8,2084.66,2084.82,2084.75,2084.81,44.38,44.38,44.38,44.38,44.38,-96.79,-96.79,-96.79,-96.79,-96.79,,,,,,566.0,634.0,707.0,719.0,716.0,6118.0,6011.0,6209.0,6474.0,6229.0,26731.0,27402.0,29369.0,32503.0,33644.0,17619.0,16814.0,17218.0,18343.0,20637.0,6722.0,5355.0,5396.0,4848.0,4525.0,32643.0,37655.0,40612.0,40873.0,39516.0,5975.0,6356.0,8163.0,7573.0,8369.0,27561.0,30033.0,28616.0,27199.0,33578.0,,,,,1884.0,6424.0,5523.0,6227.0,6758.0,7816.0,1580.0,1509.0,1602.0,1520.0,1766.0,51993.0,57411.0,55590.0,82657.0,89418.0,4098.0,4185.0,4945.0,4529.0,4047.0,27143.0,27090.0,27704.0,25203.0,30854.0,16551.0,15589.0,16102.0,17028.0,18565.0,,,7.0,,0.15,0.17,0.12,0.14,0.12,34,34,35,35,34,2.49,2.41,2.56,2.41,2.45
1.0,46047,Fall River County,3.0,7.0,5.0,3.0,3.0,14.0,11.0,10.0,17.0,16.0,,,,,,78.0,47.0,49.0,57.0,76.0,,4.0,,,,0.0,26.0,27.0,30.0,28.0,40.0,49.0,36.0,33.0,37.0,16.0,12.0,20.0,24.0,18.0,40.0,45.0,38.0,32.0,35.0,,,,,,28.0,27.0,33.0,29.0,44.0,,,,,,0.0,1581.0,1549.0,1601.0,1564.0,85.0,85.0,86.0,76.0,79.0,313.0,264.0,238.0,192.0,195.0,90.0,89.0,100.0,103.0,105.0,,,,,3.0,3.0,3.0,3.0,3.0,5.0,4.0,4.0,5.0,4.0,,,,,,21.0,20.0,24.0,27.0,26.0,,3.0,,,,3.0,4.0,4.0,4.0,4.0,10.0,13.0,13.0,12.0,11.0,9.0,7.0,10.0,10.0,11.0,11.0,13.0,12.0,13.0,12.0,,,,,,5.0,5.0,5.0,4.0,7.0,,,,,,24.0,21.0,20.0,19.0,18.0,5.0,5.0,4.0,4.0,4.0,39.0,38.0,37.0,34.0,33.0,30.0,28.0,28.0,30.0,28.0,,,,,4530.15,4530.66,4530.66,4530.43,4530.57,43.23,43.23,43.23,43.23,43.23,-103.58,-103.58,-103.58,-103.58,-103.58,164.0,169.0,206.0,184.0,186.0,767.0,822.0,660.0,1301.0,1146.0,,,,,,3719.0,1646.0,1908.0,2809.0,3303.0,,167.0,,,,0.0,1199.0,1226.0,1275.0,1389.0,2399.0,2634.0,2316.0,6150.0,2377.0,468.0,435.0,633.0,646.0,684.0,969.0,1003.0,964.0,999.0,1245.0,,,,,,1117.0,987.0,1059.0,1106.0,1578.0,,,,,,0.0,126719.0,131074.0,134697.0,139580.0,1562.0,1560.0,1714.0,1522.0,2146.0,5110.0,4987.0,4362.0,3676.0,4642.0,1862.0,1822.0,1856.0,1884.0,1917.0,,,,,0.0,0.0,0.0,0.0,0.0,7,7,7,7,7,0.0,0.0,0.0,0.0,0.0
1.0,46057,Hamlin County,,,,13.0,10.0,,,,,,,,,,,233.0,264.0,275.0,290.0,329.0,149.0,143.0,136.0,119.0,133.0,,,,,,52.0,57.0,59.0,57.0,61.0,,,,,,23.0,23.0,23.0,21.0,23.0,,,,,,9.0,8.0,13.0,9.0,50.0,,,,,,153.0,52.0,50.0,96.0,103.0,,,,,,42.0,61.0,84.0,65.0,69.0,43.0,46.0,48.0,49.0,51.0,,,,,,,,3.0,5.0,,,,,,,,,,,57.0,61.0,64.0,60.0,64.0,15.0,14.0,15.0,12.0,14.0,,,,,,14.0,14.0,14.0,14.0,13.0,,,,,,6.0,6.0,6.0,6.0,8.0,,,,,,7.0,8.0,6.0,4.0,5.0,,,,,,10.0,10.0,8.0,8.0,8.0,,,,,,10.0,10.0,12.0,8.0,8.0,15.0,17.0,17.0,18.0,17.0,,,,,1393.7,1393.7,1393.74,1393.7,1393.72,44.68,44.68,44.68,44.68,44.68,-97.2,-97.2,-97.2,-97.2,-97.2,,,,506.0,614.0,,,,,,,,,,,11487.0,13056.0,14025.0,17186.0,19102.0,8455.0,8276.0,7490.0,7501.0,9144.0,,,,,,2377.0,2561.0,2727.0,3182.0,3377.0,,,,,,713.0,747.0,737.0,790.0,794.0,,,,,,240.0,298.0,312.0,438.0,2526.0,,,,,,2188.0,908.0,1668.0,2577.0,2526.0,,,,,,814.0,1092.0,1183.0,839.0,1017.0,808.0,968.0,1121.0,1392.0,1426.0,,,,,0.0,0.0,0.0,0.0,0.0,6,6,6,6,6,0.0,0.0,0.0,0.0,0.0
1.0,46049,Faulk County,,,,,,,,,,,,,,,,17.0,19.0,17.0,19.0,17.0,66.0,27.0,28.0,30.0,24.0,,,,,,23.0,28.0,26.0,21.0,26.0,,,,,,10.0,10.0,,,,,,,,,,,,,,,,,,,0.0,176.0,163.0,169.0,158.0,,,,,,57.0,45.0,33.0,33.0,25.0,24.0,21.0,21.0,17.0,16.0,,,,,,,,,,,,,,,,,,,,5.0,5.0,6.0,6.0,5.0,12.0,8.0,9.0,9.0,8.0,,,,,,5.0,5.0,5.0,5.0,4.0,,,,,,3.0,3.0,,,,,,,,,,,,,,,,,,,6.0,6.0,6.0,6.0,6.0,,,,,,12.0,13.0,11.0,12.0,9.0,10.0,10.0,10.0,9.0,9.0,,,,,2605.2,2605.13,2605.14,2605.16,2605.07,45.07,45.07,45.07,45.07,45.07,-99.17,-99.17,-99.17,-99.17,-99.17,,,,,,,,,,,,,,,,708.0,720.0,700.0,785.0,687.0,2575.0,1213.0,1223.0,1157.0,1288.0,,,,,,1502.0,1463.0,1542.0,1672.0,1885.0,,,,,,148.0,202.0,,,,,,,,,,,,,,,,,,,0.0,6756.0,6665.0,7302.0,7339.0,,,,,,498.0,396.0,438.0,367.0,410.0,458.0,406.0,365.0,322.0,315.0,,,,,0.0,0.0,0.0,0.0,0.0,2,2,2,2,2,0.0,0.0,0.0,0.0,0.0
1.0,46071,Jackson County,,,,,,,,,,,,,,,,15.0,25.0,14.0,15.0,25.0,,,,,,,,,,,,,,,,,,,,,,,,,,,,,,,,,,,,,,,,,,,,,,,,,,,51.0,71.0,50.0,57.0,68.0,0.0,5.0,4.0,5.0,,,,,,,,,,,,,,,,,,,,,7.0,6.0,7.0,7.0,7.0,,,,,,,,,,,,,,,,,,,,,,,,,,,,,,,,,,,,,,,,,,,,,,,,,,,13.0,11.0,11.0,11.0,10.0,3.0,3.0,3.0,3.0,,,,,,4845.84,4845.81,4846.25,4846.51,4846.33,28.92,28.92,28.92,28.92,28.92,-96.56,-96.56,-96.56,-96.56,-96.56,,,,,,,,,,,,,,,,808.0,789.0,696.0,547.0,635.0,,,,,,,,,,,,,,,,,,,,,,,,,,,,,,,,,,,,,,,,,,,,,,,,,,,1677.0,1836.0,1812.0,1502.0,1801.0,0.0,121.0,140.0,140.0,,,,,,0.0,0.0,0.0,0.0,0.0,3,3,3,3,3,0.0,0.0,0.0,0.0,0.0
0.0,46099,Minnehaha County,12.0,13.0,14.0,6.0,9.0,0.0,49.0,,69.0,91.0,196.0,207.0,198.0,210.0,229.0,5834.0,6332.0,6138.0,6681.0,6945.0,6133.0,6092.0,6172.0,6904.0,6402.0,3793.0,3488.0,3149.0,2842.0,2564.0,12202.0,11336.0,10973.0,10912.0,10928.0,1529.0,1491.0,1444.0,1415.0,1342.0,4395.0,4324.0,4000.0,3982.0,4441.0,4075.0,3819.0,3802.0,3673.0,3732.0,4062.0,4397.0,3985.0,3933.0,4819.0,2568.0,2557.0,2523.0,2454.0,2308.0,25964.0,25637.0,25594.0,27679.0,26991.0,2337.0,2703.0,2800.0,2901.0,2231.0,11651.0,12106.0,12269.0,11031.0,10009.0,4143.0,4127.0,4136.0,4193.0,4168.0,5.0,12.0,15.0,10.0,6.0,6.0,5.0,4.0,7.0,4.0,3.0,,8.0,7.0,8.0,8.0,8.0,9.0,11.0,641.0,666.0,665.0,689.0,692.0,385.0,391.0,380.0,383.0,364.0,113.0,113.0,115.0,112.0,116.0,440.0,431.0,434.0,425.0,429.0,271.0,277.0,288.0,302.0,325.0,491.0,504.0,507.0,518.0,541.0,52.0,52.0,51.0,51.0,51.0,288.0,293.0,310.0,304.0,336.0,54.0,52.0,52.0,49.0,53.0,480.0,492.0,503.0,538.0,557.0,160.0,169.0,174.0,176.0,178.0,486.0,503.0,523.0,510.0,530.0,537.0,544.0,540.0,548.0,564.0,6.0,3.0,9.0,4.0,2107.72,2107.7,2107.73,2107.92,2107.73,43.67,43.67,43.67,43.67,43.67,-96.78,-96.78,-96.78,-96.78,-96.78,774.0,1015.0,968.0,400.0,534.0,0.0,2570.0,,4405.0,5062.0,18420.0,20524.0,20789.0,21473.0,24890.0,334098.0,349751.0,368613.0,401026.0,450561.0,360959.0,370066.0,392951.0,433126.0,425728.0,237968.0,198614.0,180000.0,161841.0,162497.0,693652.0,704408.0,744158.0,807709.0,864750.0,68967.0,65929.0,67435.0,68417.0,75577.0,221869.0,231952.0,216988.0,245629.0,291484.0,217758.0,236502.0,241139.0,259819.0,285186.0,126966.0,133571.0,137227.0,143238.0,215874.0,55731.0,55782.0,57471.0,57372.0,60173.0,1559843.0,1681785.0,1725937.0,1813567.0,1925356.0,41728.0,46830.0,46980.0,44967.0,49758.0,196666.0,216089.0,209615.0,175414.0,208595.0,127547.0,129182.0,134650.0,137197.0,151448.0,352.0,147.0,393.0,151.0,1.95,1.97,2.04,1.99,2.04,184,187,189,192,195,2.29,2.26,2.29,2.35,2.32
1.0,46033,Custer County,7.0,9.0,13.0,5.0,7.0,0.0,42.0,35.0,34.0,28.0,38.0,38.0,40.0,38.0,39.0,123.0,125.0,136.0,126.0,136.0,,,,,6.0,29.0,26.0,26.0,26.0,18.0,42.0,44.0,38.0,34.0,35.0,22.0,29.0,24.0,28.0,27.0,48.0,47.0,60.0,63.0,75.0,,,,,,15.0,25.0,29.0,28.0,30.0,,,3.0,4.0,5.0,167.0,156.0,127.0,214.0,186.0,130.0,137.0,148.0,144.0,135.0,297.0,317.0,297.0,272.0,339.0,75.0,78.0,71.0,80.0,80.0,,,,,5.0,7.0,6.0,4.0,4.0,4.0,3.0,3.0,3.0,4.0,3.0,3.0,3.0,3.0,3.0,40.0,46.0,43.0,44.0,47.0,,,,,3.0,6.0,6.0,6.0,6.0,7.0,12.0,11.0,11.0,12.0,13.0,11.0,13.0,12.0,13.0,13.0,24.0,22.0,24.0,22.0,22.0,,,,,,16.0,16.0,17.0,16.0,17.0,,,3.0,3.0,3.0,19.0,19.0,18.0,16.0,15.0,10.0,9.0,10.0,9.0,9.0,63.0,62.0,62.0,64.0,73.0,22.0,22.0,20.0,22.0,27.0,,,,,4037.97,4038.11,4038.13,4038.29,4038.16,38.11,38.11,38.11,38.11,38.11,-105.35,-105.35,-105.35,-105.35,-105.35,338.0,605.0,458.0,338.0,265.0,0.0,1526.0,1501.0,1494.0,1571.0,3131.0,3230.0,3590.0,3537.0,3647.0,4234.0,4683.0,5087.0,5034.0,5713.0,,,,,192.0,873.0,900.0,886.0,796.0,768.0,2326.0,2518.0,2255.0,2384.0,2828.0,747.0,684.0,759.0,1007.0,1168.0,2094.0,1933.0,2560.0,2925.0,3301.0,,,,,,967.0,845.0,1004.0,934.0,869.0,,,102.0,30.0,114.0,10220.0,7933.0,6259.0,12306.0,11525.0,5114.0,5530.0,5951.0,5493.0,6305.0,9994.0,11397.0,11431.0,10653.0,15079.0,1667.0,1713.0,1565.0,1778.0,1804.0,,,,,0.0,0.0,0.0,0.0,0.0,9,9,9,9,8,0.0,0.0,0.0,0.0,0.0
0.0,46069,Hyde County,,,,,,,,,,,0.0,5.0,6.0,6.0,5.0,20.0,24.0,17.0,17.0,18.0,73.0,66.0,59.0,57.0,58.0,,,,,,0.0,20.0,20.0,19.0,20.0,,6.0,,,,4.0,6.0,6.0,,,,,,,,,,,,,,,,,,,,,,57.0,,,,,,3.0,3.0,3.0,11.0,2.0,14.0,9.0,9.0,7.0,4.0,,,,,,,,,,,,,,,3.0,3.0,3.0,3.0,3.0,4.0,4.0,4.0,5.0,5.0,7.0,8.0,8.0,8.0,8.0,,,,,,3.0,3.0,3.0,3.0,3.0,,3.0,,,,3.0,3.0,3.0,,,,,,,,,,,,,,,,,,,,,,3.0,,,,,,3.0,3.0,3.0,4.0,3.0,7.0,7.0,7.0,6.0,5.0,,,,,2243.48,2243.78,2243.73,2243.69,2243.77,35.39,35.39,35.39,35.39,35.39,-76.13,-76.13,-76.13,-76.13,-76.13,,,,,,,,,,,0.0,556.0,577.0,390.0,404.0,1009.0,968.0,1010.0,1228.0,1349.0,4025.0,3838.0,4168.0,4297.0,4620.0,,,,,,0.0,903.0,808.0,842.0,886.0,,24.0,,,,86.0,135.0,137.0,,,,,,,,,,,,,,,,,,,,,,1786.0,,,,,,44.0,45.0,72.0,66.0,64.0,200.0,117.0,101.0,93.0,78.0,,,,,0.0,0.0,0.0,0.0,0.0,1,1,1,1,1,0.0,0.0,0.0,0.0,0.0
1.0,46025,Clark County,2.0,5.0,8.0,6.0,4.0,,,,,,19.0,16.0,18.0,18.0,17.0,50.0,49.0,53.0,48.0,54.0,63.0,63.0,37.0,46.0,47.0,,,,,,26.0,24.0,19.0,24.0,24.0,,,,,,28.0,21.0,19.0,16.0,18.0,,,,,,,,,,,,,,,,86.0,54.0,56.0,91.0,97.0,0.0,17.0,23.0,26.0,6.0,66.0,55.0,53.0,60.0,55.0,34.0,33.0,34.0,41.0,43.0,,,,,5.0,5.0,6.0,4.0,4.0,,,,,,4.0,4.0,4.0,4.0,4.0,18.0,20.0,20.0,17.0,18.0,11.0,11.0,10.0,11.0,10.0,,,,,,6.0,5.0,5.0,5.0,5.0,,,,,,11.0,10.0,10.0,7.0,8.0,,,,,,,,,,,,,,,,9.0,10.0,11.0,10.0,10.0,3.0,4.0,4.0,5.0,5.0,10.0,9.0,10.0,12.0,12.0,13.0,12.0,11.0,13.0,13.0,,,,,2505.59,2505.64,2505.63,2505.78,2505.68,39.33,39.33,39.33,39.33,39.33,-87.78,-87.78,-87.78,-87.78,-87.78,159.0,246.0,336.0,186.0,131.0,,,,,,1292.0,1297.0,1268.0,906.0,716.0,1890.0,1867.0,2111.0,1876.0,2023.0,2896.0,2791.0,1559.0,2052.0,2309.0,,,,,,1200.0,1309.0,1398.0,1474.0,1560.0,,,,,,897.0,746.0,735.0,652.0,736.0,,,,,,,,,,,,,,,,2402.0,1945.0,2549.0,3122.0,3266.0,0.0,175.0,238.0,388.0,357.0,882.0,771.0,656.0,576.0,639.0,938.0,885.0,888.0,1117.0,1032.0,,,,,0.0,0.0,0.0,0.0,0.0,4,4,4,4,4,0.0,0.0,0.0,0.0,0.0
0.0,46067,Hutchinson County,25.0,20.0,20.0,18.0,24.0,,,,,,,,,,,79.0,75.0,75.0,69.0,96.0,373.0,338.0,362.0,371.0,364.0,,,13.0,11.0,10.0,107.0,107.0,109.0,96.0,94.0,,,,,,29.0,29.0,37.0,38.0,47.0,,,,,,33.0,33.0,32.0,29.0,34.0,,,,,,637.0,518.0,475.0,600.0,581.0,1.0,,,,3.0,93.0,101.0,94.0,87.0,75.0,115.0,112.0,99.0,96.0,112.0,,,,,4.0,3.0,3.0,3.0,3.0,,,,,,,,,,,26.0,27.0,22.0,22.0,25.0,26.0,26.0,25.0,25.0,27.0,,,3.0,3.0,3.0,19.0,20.0,20.0,19.0,18.0,,,,,,11.0,11.0,12.0,12.0,14.0,,,,,,4.0,4.0,6.0,6.0,5.0,,,,,,16.0,16.0,15.0,16.0,19.0,4.0,,,,3.0,20.0,16.0,16.0,16.0,16.0,34.0,33.0,32.0,33.0,35.0,,,,,2109.04,2109.05,2109.05,2109.1,2109.04,35.81,35.81,35.81,35.81,35.81,-101.35,-101.35,-101.35,-101.35,-101.35,393.0,399.0,387.0,332.0,1071.0,,,,,,,,,,,3630.0,3677.0,3575.0,3634.0,4549.0,16561.0,16276.0,16808.0,18769.0,19731.0,,,404.0,472.0,481.0,5488.0,5671.0,6369.0,5924.0,5799.0,,,,,,1220.0,1345.0,1574.0,1600.0,2149.0,,,,,,621.0,606.0,613.0,684.0,676.0,,,,,,21797.0,18494.0,19131.0,23256.0,23090.0,133.0,,,,97.0,905.0,858.0,1093.0,914.0,850.0,2289.0,2420.0,2364.0,2698.0,2808.0,,,,,0.0,0.0,0.0,0.0,0.0,7,7,7,7,7,0.0,0.0,0.0,0.0,0.0
1.0,46077,Kingsbury County,,,,,,,,,,,,28.0,29.0,29.0,26.0,110.0,127.0,175.0,109.0,186.0,100.0,104.0,109.0,107.0,105.0,11.0,10.0,,,,118.0,117.0,122.0,121.0,120.0,0.0,,,6.0,,18.0,18.0,16.0,15.0,12.0,,,,,,,,0.0,2.0,1.0,,,,,,185.0,151.0,167.0,236.0,244.0,14.0,13.0,16.0,14.0,14.0,52.0,48.0,49.0,30.0,35.0,42.0,50.0,45.0,45.0,51.0,,,,,,,,,,,,,,,,3.0,3.0,3.0,3.0,22.0,24.0,22.0,25.0,25.0,11.0,11.0,11.0,13.0,13.0,3.0,3.0,,,,16.0,16.0,16.0,16.0,17.0,4.0,,,3.0,,6.0,3.0,3.0,3.0,3.0,,,,,,,,4.0,5.0,3.0,,,,,,11.0,10.0,14.0,17.0,17.0,4.0,4.0,4.0,5.0,6.0,7.0,10.0,7.0,7.0,8.0,24.0,24.0,25.0,26.0,23.0,,,,,2237.09,2237.17,2237.08,2237.04,2237.08,44.36,44.36,44.36,44.36,44.36,-97.49,-97.49,-97.49,-97.49,-97.49,,,,,,,,,,,,1740.0,1750.0,1757.0,1808.0,8371.0,9440.0,8634.0,8765.0,11738.0,5718.0,6142.0,6251.0,6183.0,6556.0,248.0,178.0,,,,6334.0,6487.0,6622.0,7066.0,7719.0,0.0,,,89.0,,817.0,982.0,916.0,813.0,757.0,,,,,,,,24.0,52.0,132.0,,,,,,5310.0,4730.0,5277.0,7919.0,8290.0,411.0,431.0,439.0,432.0,563.0,568.0,1076.0,371.0,379.0,516.0,841.0,848.0,893.0,898.0,935.0,,,,,0.0,0.0,0.0,0.0,0.0,5,5,5,5,5,0.0,0.0,0.0,0.0,0.0
1.0,46027,Clay County,,,,,4.0,,,,,,29.0,30.0,31.0,30.0,32.0,94.0,123.0,95.0,116.0,128.0,55.0,48.0,51.0,74.0,54.0,37.0,31.0,30.0,26.0,24.0,81.0,81.0,88.0,97.0,88.0,15.0,22.0,27.0,28.0,23.0,156.0,168.0,174.0,222.0,257.0,,,,,,40.0,58.0,44.0,54.0,43.0,0.0,53.0,54.0,56.0,50.0,755.0,766.0,793.0,786.0,778.0,14.0,16.0,13.0,14.0,13.0,845.0,891.0,883.0,863.0,680.0,144.0,146.0,156.0,162.0,166.0,,,,,,,,,3.0,,,,,,4.0,4.0,4.0,4.0,4.0,34.0,35.0,31.0,34.0,30.0,12.0,12.0,10.0,10.0,7.0,6.0,6.0,5.0,5.0,6.0,17.0,17.0,18.0,19.0,18.0,10.0,12.0,14.0,13.0,14.0,19.0,18.0,18.0,15.0,15.0,,,,,,10.0,9.0,7.0,10.0,12.0,3.0,3.0,3.0,3.0,3.0,32.0,31.0,33.0,31.0,32.0,5.0,5.0,4.0,4.0,5.0,47.0,49.0,49.0,52.0,48.0,37.0,33.0,36.0,36.0,37.0,,,,,1080.65,1080.65,1080.65,1080.95,1081.04,33.69,33.69,33.69,33.69,33.69,-98.21,-98.21,-98.21,-98.21,-98.21,,,,,284.0,,,,,,2187.0,2277.0,2463.0,2421.0,2728.0,3106.0,3299.0,3300.0,4267.0,4607.0,2534.0,2483.0,3090.0,3114.0,3598.0,796.0,781.0,670.0,705.0,735.0,3822.0,4270.0,4994.0,5440.0,5683.0,506.0,607.0,868.0,890.0,917.0,4134.0,4457.0,4349.0,5753.0,6867.0,,,,,,1294.0,1604.0,1992.0,2240.0,2124.0,0.0,555.0,579.0,616.0,623.0,19786.0,20082.0,21215.0,20914.0,22933.0,334.0,431.0,442.0,390.0,415.0,12156.0,12766.0,13149.0,11417.0,12382.0,4176.0,4259.0,4221.0,4952.0,5519.0,,,,,0.24,0.24,0.24,0.15,0.24,14,14,14,14,15,2.28,2.34,2.37,2.9,2.59
1.0,46129,Walworth County,,,,,,,,,,,40.0,40.0,38.0,39.0,40.0,39.0,36.0,30.0,40.0,30.0,123.0,107.0,137.0,121.0,120.0,84.0,81.0,68.0,78.0,72.0,70.0,68.0,72.0,77.0,78.0,13.0,9.0,13.0,7.0,4.0,72.0,70.0,56.0,64.0,60.0,,,,,,52.0,54.0,57.0,43.0,46.0,,,,,,384.0,292.0,356.0,318.0,342.0,10.0,9.0,9.0,11.0,12.0,391.0,395.0,327.0,348.0,316.0,114.0,105.0,107.0,83.0,106.0,,,,,,,,,,,,,,,4.0,4.0,4.0,4.0,4.0,20.0,18.0,18.0,19.0,21.0,14.0,12.0,12.0,10.0,9.0,5.0,5.0,5.0,4.0,4.0,13.0,15.0,15.0,16.0,15.0,7.0,7.0,8.0,8.0,5.0,15.0,12.0,13.0,14.0,14.0,,,,,,10.0,9.0,6.0,6.0,6.0,,,,,,15.0,15.0,17.0,17.0,16.0,6.0,6.0,7.0,7.0,7.0,26.0,28.0,27.0,26.0,29.0,25.0,26.0,26.0,25.0,24.0,,,,,1928.53,1928.63,1928.63,1928.66,1928.62,42.67,42.67,42.67,42.67,42.67,-88.54,-88.54,-88.54,-88.54,-88.54,,,,,,,,,,,2935.0,3014.0,3031.0,3293.0,3260.0,1589.0,1233.0,1102.0,1261.0,1361.0,5512.0,4943.0,5227.0,4879.0,5111.0,1594.0,1500.0,1207.0,1289.0,1640.0,3415.0,3477.0,3692.0,4189.0,4683.0,93.0,91.0,169.0,52.0,80.0,2876.0,2296.0,2265.0,2361.0,2409.0,,,,,,1718.0,1825.0,1653.0,1373.0,1420.0,,,,,,13606.0,12948.0,14893.0,15151.0,15750.0,397.0,394.0,427.0,440.0,539.0,6823.0,6623.0,6451.0,6357.0,6600.0,2484.0,2548.0,2464.0,2455.0,2707.0,,,,,0.0,0.0,0.0,0.0,0.0,6,6,5,5,5,0.0,0.0,0.0,0.0,0.0
1.0,46037,Day County,9.0,8.0,6.0,11.0,7.0,,,,,,,,,,,53.0,57.0,43.0,45.0,57.0,145.0,141.0,150.0,139.0,134.0,10.0,13.0,,,9.0,51.0,54.0,48.0,48.0,51.0,3.0,5.0,4.0,10.0,9.0,29.0,33.0,35.0,30.0,43.0,,,,,,3.0,5.0,3.0,7.0,5.0,,,,,,302.0,285.0,286.0,282.0,283.0,,6.0,4.0,4.0,,168.0,180.0,167.0,147.0,143.0,57.0,48.0,48.0,58.0,45.0,,,,,4.0,3.0,5.0,5.0,4.0,,,,,,,,,,,21.0,20.0,23.0,21.0,25.0,14.0,12.0,14.0,15.0,15.0,3.0,3.0,,,3.0,14.0,16.0,17.0,16.0,15.0,3.0,4.0,6.0,5.0,7.0,9.0,10.0,9.0,10.0,12.0,,,,,,3.0,3.0,3.0,4.0,4.0,,,,,,18.0,19.0,19.0,18.0,20.0,,3.0,3.0,3.0,,20.0,23.0,23.0,24.0,23.0,24.0,24.0,25.0,23.0,24.0,,,,,2826.1,2826.05,2826.0,2825.97,2826.01,45.37,45.37,45.37,45.37,45.37,-97.62,-97.62,-97.62,-97.62,-97.62,162.0,63.0,127.0,465.0,315.0,,,,,,,,,,,3137.0,3404.0,3389.0,3564.0,4176.0,7131.0,7140.0,7392.0,7761.0,8249.0,363.0,334.0,,,413.0,2437.0,2561.0,2694.0,2546.0,3013.0,44.0,57.0,154.0,208.0,263.0,967.0,1000.0,981.0,1278.0,1531.0,,,,,,152.0,99.0,74.0,84.0,56.0,,,,,,8925.0,9093.0,9298.0,9872.0,10010.0,,149.0,146.0,141.0,,2218.0,2147.0,2109.0,1979.0,2139.0,915.0,1028.0,1085.0,1000.0,1099.0,,,,,0.0,0.0,0.0,0.0,0.0,6,6,5,5,5,0.0,0.0,0.0,0.0,0.0
1.0,46041,Dewey County,,,,,,,,,,,0.0,44.0,43.0,42.0,44.0,59.0,72.0,53.0,56.0,48.0,85.0,81.0,75.0,84.0,80.0,10.0,,,,,0.0,25.0,26.0,30.0,33.0,0.0,2.0,4.0,,,,,,,,,,,,,31.0,16.0,,,,,,,,,140.0,167.0,169.0,162.0,152.0,,,,,,11.0,12.0,8.0,24.0,18.0,43.0,53.0,52.0,46.0,48.0,,,,,,,,,,,,,,,3.0,3.0,3.0,3.0,3.0,14.0,13.0,12.0,12.0,16.0,4.0,4.0,4.0,5.0,6.0,3.0,,,,,4.0,4.0,4.0,4.0,5.0,3.0,3.0,3.0,,,,,,,,,,,,,4.0,3.0,,,,,,,,,12.0,15.0,13.0,13.0,11.0,,,,,,4.0,3.0,7.0,6.0,6.0,14.0,16.0,14.0,13.0,13.0,,,,,6333.03,6333.1,6333.04,6333.19,6333.13,35.98,35.98,35.98,35.98,35.98,-98.98,-98.98,-98.98,-98.98,-98.98,,,,,,,,,,,0.0,2525.0,2520.0,2699.0,2686.0,2585.0,2552.0,2462.0,2573.0,2893.0,2419.0,2380.0,2235.0,3044.0,2695.0,105.0,,,,,0.0,2353.0,1866.0,1997.0,2112.0,0.0,47.0,44.0,,,,,,,,,,,,,347.0,319.0,,,,,,,,,7765.0,8399.0,8606.0,8737.0,8858.0,,,,,,136.0,144.0,175.0,158.0,274.0,1170.0,1477.0,1527.0,1599.0,1508.0,,,,,0.0,0.0,0.0,0.0,0.0,6,6,6,6,5,0.0,0.0,0.0,0.0,0.0
1.0,46043,Douglas County,,,,,,,,,,,,,,,,66.0,64.0,66.0,63.0,62.0,109.0,84.0,89.0,88.0,69.0,,,4.0,3.0,6.0,31.0,45.0,49.0,40.0,36.0,,,,,,11.0,12.0,12.0,8.0,9.0,,,,,,,,,,,,,,,,213.0,147.0,147.0,193.0,190.0,,,,,,13.0,23.0,22.0,26.0,22.0,51.0,60.0,52.0,56.0,52.0,,,,,,,,,,,,,,,,,,,,14.0,12.0,12.0,13.0,14.0,6.0,5.0,5.0,5.0,5.0,,,3.0,3.0,3.0,7.0,7.0,7.0,8.0,8.0,,,,,,6.0,6.0,6.0,6.0,4.0,,,,,,,,,,,,,,,,6.0,5.0,5.0,5.0,6.0,,,,,,6.0,5.0,4.0,4.0,4.0,15.0,14.0,14.0,15.0,14.0,,,,,1123.0,1123.04,1123.0,1123.07,1123.0,39.76,39.76,39.76,39.76,39.76,-88.22,-88.22,-88.22,-88.22,-88.22,,,,,,,,,,,,,,,,3321.0,3190.0,3385.0,3374.0,3531.0,4916.0,4261.0,4195.0,4397.0,4511.0,,,111.0,153.0,170.0,1041.0,1263.0,1504.0,1609.0,1671.0,,,,,,239.0,257.0,335.0,347.0,256.0,,,,,,,,,,,,,,,,6877.0,5233.0,5916.0,7515.0,7146.0,,,,,,155.0,136.0,139.0,128.0,149.0,1079.0,1082.0,1131.0,1198.0,1110.0,,,,,0.0,0.0,0.0,0.0,0.0,3,3,3,3,3,0.0,0.0,0.0,0.0,0.0
1.0,46063,Harding County,,,,,,0.0,81.0,104.0,108.0,79.0,,,,,,78.0,96.0,98.0,106.0,75.0,,,,,,,,,,,,,,,,,,,,,,,,,7.0,,,,,,,,,,,,,,,,93.0,99.0,84.0,80.0,69.0,,,,,,17.0,17.0,26.0,32.0,29.0,7.0,6.0,5.0,6.0,9.0,,,,,,,,,,3.0,3.0,3.0,3.0,3.0,,,,,,9.0,10.0,9.0,9.0,9.0,,,,,,,,,,,,,,,,,,,,,,,,,3.0,,,,,,,,,,,,,,,,6.0,7.0,8.0,8.0,6.0,,,,,,4.0,4.0,5.0,5.0,5.0,3.0,3.0,3.0,4.0,4.0,,,,,6935.23,6935.47,6935.47,6936.58,6935.23,45.55,45.55,45.55,45.55,45.55,-103.48,-103.48,-103.48,-103.48,-103.48,,,,,,0.0,8112.0,10067.0,8519.0,7905.0,,,,,,4327.0,4870.0,5395.0,5872.0,5216.0,,,,,,,,,,,,,,,,,,,,,,,,,753.0,,,,,,,,,,,,,,,,1658.0,1640.0,1628.0,1612.0,1489.0,,,,,,252.0,354.0,480.0,494.0,539.0,83.0,78.0,81.0,102.0,98.0,,,,,0.0,0.0,0.0,0.0,0.0,1,1,1,1,1,0.0,0.0,0.0,0.0,0.0
1.0,46065,Hughes County,11.0,14.0,14.0,15.0,19.0,,,,,,17.0,18.0,18.0,,,361.0,358.0,366.0,378.0,453.0,279.0,250.0,245.0,257.0,241.0,179.0,146.0,131.0,114.0,98.0,558.0,547.0,503.0,474.0,540.0,59.0,49.0,50.0,44.0,52.0,345.0,334.0,331.0,336.0,313.0,,,,,,159.0,166.0,151.0,160.0,134.0,189.0,681.0,680.0,685.0,701.0,1604.0,1652.0,1061.0,1277.0,1118.0,166.0,177.0,200.0,195.0,187.0,830.0,930.0,868.0,948.0,946.0,411.0,406.0,416.0,416.0,361.0,2.0,,,,5.0,5.0,6.0,6.0,7.0,,,,,,3.0,4.0,3.0,,,82.0,78.0,76.0,77.0,80.0,31.0,29.0,28.0,27.0,25.0,19.0,20.0,19.0,15.0,15.0,52.0,51.0,47.0,48.0,51.0,29.0,27.0,27.0,26.0,23.0,56.0,54.0,50.0,52.0,53.0,,,,,,35.0,33.0,31.0,28.0,31.0,9.0,11.0,9.0,11.0,14.0,66.0,65.0,67.0,77.0,77.0,20.0,29.0,31.0,30.0,31.0,51.0,50.0,49.0,47.0,47.0,90.0,89.0,89.0,86.0,83.0,3.0,,,,2074.34,2074.38,2074.41,2074.32,2074.77,35.05,35.05,35.05,35.05,35.05,-96.27,-96.27,-96.27,-96.27,-96.27,521.0,598.0,707.0,817.0,880.0,,,,,,1413.0,1640.0,1484.0,,,14844.0,16711.0,17341.0,19973.0,20920.0,17201.0,15468.0,15899.0,16797.0,17668.0,4185.0,4497.0,3754.0,3454.0,4087.0,39007.0,38869.0,40532.0,42783.0,54274.0,1848.0,1606.0,1327.0,1688.0,1756.0,18497.0,19313.0,21729.0,21874.0,22068.0,,,,,,5105.0,5259.0,5710.0,5895.0,6006.0,5513.0,21591.0,21741.0,23331.0,24585.0,51817.0,55090.0,43012.0,66202.0,57088.0,2057.0,2384.0,3083.0,2629.0,3602.0,13729.0,14578.0,15306.0,13366.0,17435.0,15243.0,14699.0,15706.0,16521.0,16999.0,23.0,,,,0.13,0.14,0.1,0.1,0.11,18,18,18,18,18,1.99,2.11,2.02,1.86,1.94
1.0,46111,Sanborn County,,,,,,,,,,,,,,,,24.0,30.0,33.0,31.0,52.0,34.0,30.0,23.0,23.0,25.0,,40.0,,,,20.0,21.0,21.0,21.0,23.0,,,,,,21.0,20.0,24.0,24.0,28.0,,,,,,,,,,,,,,,,0.0,,58.0,63.0,67.0,,,,,,20.0,23.0,23.0,30.0,26.0,17.0,18.0,16.0,21.0,21.0,,,,,,,,,,,,,,,,,,,,9.0,9.0,9.0,9.0,9.0,5.0,5.0,4.0,4.0,4.0,,3.0,,,,7.0,5.0,5.0,5.0,6.0,,,,,,7.0,7.0,6.0,6.0,6.0,,,,,,,,,,,,,,,,3.0,,4.0,3.0,3.0,,,,,,5.0,4.0,5.0,5.0,6.0,8.0,7.0,7.0,8.0,7.0,,,,,1477.72,1477.69,1477.67,1477.65,1477.69,44.01,44.01,44.01,44.01,44.01,-98.08,-98.08,-98.08,-98.08,-98.08,,,,,,,,,,,,,,,,929.0,987.0,1469.0,1928.0,2239.0,1987.0,1886.0,1288.0,1279.0,1388.0,,2365.0,,,,809.0,896.0,903.0,898.0,1049.0,,,,,,547.0,745.0,826.0,754.0,762.0,,,,,,,,,,,,,,,,0.0,,1616.0,1922.0,2045.0,,,,,,193.0,230.0,241.0,228.0,288.0,195.0,338.0,368.0,486.0,655.0,,,,,0.0,0.0,0.0,0.0,0.0,2,2,2,2,2,0.0,0.0,0.0,0.0,0.0
0.0,46109,Roberts County,,,,,,,,,,,,,,,,59.0,63.0,59.0,54.0,71.0,137.0,125.0,113.0,126.0,127.0,31.0,28.0,29.0,28.0,25.0,110.0,108.0,77.0,88.0,89.0,0.0,,,6.0,9.0,25.0,25.0,26.0,22.0,30.0,,,,,,3.0,3.0,2.0,0.0,9.0,,,,,,414.0,388.0,358.0,352.0,340.0,0.0,113.0,115.0,,78.0,141.0,155.0,163.0,143.0,166.0,118.0,86.0,86.0,84.0,86.0,,,,,,,,,,,,,,,,,,,,33.0,33.0,33.0,34.0,32.0,18.0,19.0,20.0,21.0,20.0,3.0,3.0,3.0,3.0,3.0,21.0,23.0,22.0,21.0,19.0,3.0,,,3.0,3.0,13.0,12.0,14.0,15.0,15.0,,,,,,4.0,3.0,4.0,3.0,4.0,,,,,,21.0,20.0,20.0,19.0,18.0,4.0,4.0,4.0,,3.0,19.0,19.0,21.0,17.0,18.0,28.0,27.0,28.0,27.0,28.0,,,,,2941.2,2941.2,2941.12,2941.17,2941.12,35.83,35.83,35.83,35.83,35.83,-100.81,-100.81,-100.81,-100.81,-100.81,,,,,,,,,,,,,,,,2981.0,3023.0,2986.0,2744.0,2998.0,6568.0,6321.0,6684.0,6405.0,6969.0,469.0,916.0,974.0,594.0,888.0,4108.0,4078.0,3321.0,3655.0,4119.0,0.0,,,176.0,234.0,958.0,848.0,986.0,1088.0,1148.0,,,,,,45.0,28.0,41.0,45.0,94.0,,,,,,14009.0,14677.0,14616.0,15178.0,15051.0,0.0,3073.0,3006.0,,3364.0,1513.0,1553.0,1692.0,1557.0,1937.0,2165.0,1796.0,1847.0,1814.0,2047.0,,,,,0.0,0.0,0.0,0.0,0.0,10,10,10,10,10,0.0,0.0,0.0,0.0,0.0
1.0,46059,Hand County,0.0,13.0,12.0,7.0,18.0,,,,,,43.0,41.0,41.0,40.0,41.0,14.0,13.0,13.0,15.0,20.0,139.0,136.0,125.0,122.0,132.0,,,,,,69.0,66.0,65.0,66.0,67.0,,,,,,240.0,201.0,150.0,141.0,126.0,,,,,,,,,,4.0,,,,,,207.0,210.0,196.0,213.0,200.0,15.0,9.0,7.0,9.0,5.0,84.0,81.0,76.0,88.0,77.0,46.0,50.0,41.0,42.0,47.0,,,,,3.0,4.0,3.0,4.0,4.0,,,,,,3.0,3.0,3.0,3.0,3.0,8.0,10.0,11.0,10.0,9.0,11.0,10.0,9.0,9.0,9.0,,,,,,11.0,11.0,10.0,10.0,11.0,,,,,,12.0,9.0,9.0,9.0,7.0,,,,,,,,,,3.0,,,,,,8.0,9.0,8.0,9.0,9.0,7.0,5.0,5.0,4.0,5.0,14.0,13.0,13.0,13.0,13.0,18.0,18.0,20.0,20.0,18.0,,,,,3730.05,3730.04,3730.04,3730.06,3730.04,44.54,44.54,44.54,44.54,44.54,-99.01,-99.01,-99.01,-99.01,-99.01,0.0,1050.0,729.0,665.0,894.0,,,,,,2501.0,2581.0,2629.0,2569.0,2689.0,589.0,647.0,617.0,701.0,712.0,6581.0,5124.0,5306.0,5233.0,5817.0,,,,,,4170.0,4148.0,4278.0,4778.0,5176.0,,,,,,9182.0,8671.0,5474.0,5659.0,5632.0,,,,,,,,,,137.0,,,,,,6083.0,6019.0,5701.0,7806.0,8480.0,130.0,112.0,103.0,120.0,119.0,851.0,850.0,788.0,919.0,1027.0,797.0,753.0,962.0,774.0,1005.0,,,,,0.0,0.0,0.0,0.0,0.0,3,3,3,3,3,0.0,0.0,0.0,0.0,0.0
0.0,46079,Lake County,,5.0,,,45.0,,,,,,,,,,,147.0,130.0,128.0,149.0,137.0,318.0,241.0,221.0,206.0,197.0,71.0,70.0,65.0,67.0,63.0,204.0,217.0,230.0,206.0,212.0,24.0,26.0,28.0,27.0,24.0,215.0,210.0,221.0,214.0,216.0,,,,,,95.0,96.0,89.0,96.0,68.0,,14.0,18.0,11.0,22.0,637.0,619.0,647.0,635.0,608.0,23.0,20.0,26.0,31.0,32.0,410.0,399.0,405.0,416.0,403.0,170.0,153.0,151.0,158.0,135.0,,,,,,3.0,,,4.0,,,,,,,,,,,46.0,46.0,44.0,44.0,44.0,23.0,20.0,19.0,19.0,19.0,6.0,7.0,7.0,7.0,8.0,27.0,30.0,30.0,29.0,29.0,12.0,14.0,13.0,11.0,10.0,43.0,42.0,38.0,36.0,32.0,,,,,,13.0,13.0,12.0,14.0,12.0,,3.0,3.0,3.0,4.0,29.0,28.0,30.0,30.0,33.0,7.0,8.0,10.0,9.0,9.0,32.0,37.0,38.0,37.0,35.0,37.0,39.0,37.0,37.0,34.0,,,,,1489.82,1489.82,1489.82,1489.68,1489.78,39.05,39.05,39.05,39.05,39.05,-122.78,-122.78,-122.78,-122.78,-122.78,,162.0,,,2017.0,,,,,,,,,,,7367.0,6797.0,7000.0,8110.0,7416.0,16389.0,14088.0,13338.0,13330.0,14818.0,2136.0,2088.0,2033.0,1781.0,2079.0,11970.0,10159.0,10658.0,10403.0,11723.0,475.0,504.0,497.0,484.0,554.0,9200.0,11424.0,11452.0,11872.0,13389.0,,,,,,2377.0,2331.0,2710.0,2296.0,1978.0,,349.0,383.0,401.0,863.0,23539.0,24030.0,24316.0,25463.0,26926.0,540.0,675.0,749.0,864.0,934.0,4839.0,4718.0,5318.0,5283.0,6133.0,3611.0,3661.0,3833.0,3841.0,3776.0,,,,,0.0,0.0,0.0,0.0,0.0,12,13,13,13,11,0.0,0.0,0.0,0.0,0.0
0.0,46083,Lincoln County,7.0,6.0,6.0,,,,,,,,39.0,42.0,45.0,43.0,43.0,1899.0,1945.0,2013.0,2072.0,2241.0,621.0,661.0,683.0,681.0,724.0,251.0,241.0,220.0,230.0,232.0,2251.0,2049.0,2094.0,2346.0,2482.0,482.0,482.0,461.0,496.0,468.0,942.0,1061.0,1169.0,1033.0,1072.0,0.0,1501.0,1555.0,1649.0,1661.0,995.0,1011.0,1017.0,1278.0,1395.0,297.0,313.0,342.0,412.0,522.0,3395.0,3534.0,3723.0,3954.0,5080.0,391.0,454.0,456.0,496.0,382.0,1467.0,1483.0,1502.0,1610.0,1546.0,775.0,832.0,836.0,934.0,1037.0,4.0,7.0,,,3.0,3.0,4.0,,,,,,,,4.0,4.0,5.0,6.0,6.0,295.0,293.0,296.0,310.0,332.0,77.0,80.0,75.0,81.0,87.0,19.0,20.0,18.0,17.0,20.0,177.0,179.0,187.0,187.0,203.0,93.0,93.0,90.0,94.0,106.0,143.0,147.0,156.0,150.0,161.0,8.0,8.0,10.0,7.0,13.0,85.0,94.0,96.0,106.0,115.0,12.0,14.0,18.0,18.0,21.0,172.0,183.0,187.0,202.0,214.0,39.0,41.0,44.0,43.0,47.0,79.0,84.0,84.0,84.0,98.0,165.0,166.0,161.0,161.0,170.0,4.0,4.0,,,1496.94,1496.94,1496.94,1497.0,1497.04,35.49,35.49,35.49,35.49,35.49,-81.21,-81.21,-81.21,-81.21,-81.21,239.0,211.0,264.0,,,,,,,,2842.0,3027.0,3384.0,4113.0,4720.0,101807.0,109747.0,121087.0,129328.0,142967.0,36092.0,36938.0,38881.0,39239.0,44293.0,11545.0,10806.0,9603.0,11018.0,12955.0,153820.0,149329.0,163359.0,184508.0,231253.0,17917.0,19161.0,20267.0,22173.0,20119.0,58452.0,75520.0,90176.0,79646.0,85660.0,0.0,113285.0,119670.0,134548.0,126255.0,42687.0,51518.0,59001.0,62434.0,92435.0,6015.0,6719.0,7376.0,9002.0,10279.0,154356.0,165265.0,176350.0,216925.0,322138.0,5040.0,4833.0,5124.0,4625.0,5733.0,23009.0,24115.0,24990.0,23761.0,30338.0,22048.0,22231.0,23626.0,26256.0,35835.0,57.0,36.0,,,0.09,0.09,0.09,0.14,0.33,53,55,57,59,63,2.19,2.16,1.97,2.28,2.17
0.0,46081,Lawrence County,32.0,30.0,42.0,32.0,32.0,0.0,234.0,244.0,279.0,290.0,0.0,24.0,23.0,25.0,22.0,547.0,613.0,658.0,672.0,770.0,136.0,111.0,117.0,109.0,109.0,129.0,167.0,159.0,135.0,113.0,281.0,286.0,277.0,289.0,284.0,183.0,161.0,170.0,181.0,201.0,260.0,313.0,293.0,324.0,376.0,72.0,64.0,73.0,57.0,36.0,260.0,220.0,232.0,249.0,245.0,53.0,47.0,28.0,47.0,28.0,1514.0,1704.0,1648.0,1615.0,1587.0,817.0,660.0,558.0,576.0,589.0,2706.0,2896.0,3015.0,3107.0,2891.0,387.0,415.0,424.0,467.0,462.0,,4.0,3.0,,14.0,14.0,15.0,13.0,15.0,6.0,5.0,5.0,4.0,5.0,5.0,4.0,5.0,5.0,4.0,153.0,146.0,149.0,158.0,176.0,21.0,24.0,22.0,21.0,22.0,20.0,18.0,19.0,16.0,14.0,54.0,53.0,57.0,56.0,55.0,65.0,62.0,70.0,74.0,81.0,81.0,84.0,80.0,82.0,85.0,7.0,7.0,6.0,4.0,4.0,43.0,45.0,45.0,48.0,58.0,11.0,11.0,10.0,11.0,9.0,89.0,89.0,91.0,97.0,98.0,30.0,32.0,29.0,31.0,35.0,133.0,140.0,144.0,144.0,150.0,99.0,102.0,111.0,113.0,116.0,,6.0,4.0,,2071.91,2071.97,2071.95,2072.2,2071.99,41.0,41.0,41.0,41.0,41.0,-80.35,-80.35,-80.35,-80.35,-80.35,1410.0,1192.0,1283.0,1164.0,1414.0,0.0,16927.0,17156.0,20215.0,25024.0,0.0,2154.0,2185.0,2174.0,2102.0,24056.0,27440.0,30839.0,35339.0,34202.0,3327.0,3508.0,3453.0,3316.0,4588.0,2509.0,4219.0,4162.0,3936.0,4220.0,14984.0,16311.0,15534.0,18494.0,19776.0,5067.0,5411.0,5789.0,6727.0,7308.0,13328.0,14311.0,15611.0,17830.0,22670.0,5466.0,6402.0,7728.0,6053.0,1834.0,5756.0,6755.0,7996.0,8792.0,8147.0,682.0,502.0,452.0,549.0,482.0,68766.0,74351.0,76518.0,75287.0,86597.0,15445.0,12363.0,12164.0,11861.0,15347.0,55286.0,61742.0,64672.0,60781.0,75134.0,9947.0,10702.0,11421.0,12158.0,12842.0,,136.0,61.0,,0.0,0.0,0.0,0.0,0.0,25,25,25,26,26,0.0,0.0,0.0,0.0,0.0
0.0,46135,Yankton County,,,,,,,,,,,,24.0,,,,420.0,384.0,348.0,388.0,377.0,343.0,316.0,307.0,324.0,367.0,186.0,169.0,153.0,149.0,138.0,659.0,642.0,609.0,633.0,575.0,78.0,121.0,124.0,111.0,116.0,214.0,211.0,213.0,213.0,199.0,,,,,,250.0,297.0,255.0,216.0,260.0,292.0,317.0,288.0,436.0,275.0,1909.0,2122.0,2146.0,1868.0,1839.0,86.0,66.0,49.0,81.0,93.0,1025.0,1076.0,1018.0,1020.0,975.0,478.0,489.0,461.0,463.0,437.0,,,,,,,,,,,,,,,,4.0,,,,92.0,84.0,80.0,77.0,75.0,38.0,35.0,35.0,37.0,38.0,16.0,15.0,17.0,16.0,15.0,55.0,51.0,51.0,49.0,52.0,27.0,31.0,32.0,32.0,33.0,42.0,43.0,40.0,39.0,40.0,,,,,,34.0,28.0,30.0,34.0,31.0,7.0,7.0,7.0,8.0,7.0,72.0,69.0,62.0,69.0,70.0,12.0,12.0,10.0,16.0,15.0,76.0,70.0,68.0,71.0,76.0,83.0,80.0,77.0,82.0,78.0,,,,,1378.57,1378.57,1378.55,1378.73,1378.55,43.01,43.01,43.01,43.01,43.01,-97.4,-97.4,-97.4,-97.4,-97.4,,,,,,,,,,,,2258.0,,,,17896.0,18505.0,19162.0,20323.0,20503.0,15681.0,15495.0,15614.0,19029.0,22626.0,5927.0,6065.0,6041.0,5662.0,5732.0,41902.0,41936.0,44292.0,48470.0,40224.0,2382.0,4532.0,5033.0,4235.0,4868.0,10715.0,9614.0,10692.0,8841.0,9285.0,,,,,,5050.0,4882.0,5647.0,5157.0,6527.0,8185.0,8220.0,8309.0,8902.0,9433.0,96198.0,97019.0,100107.0,108150.0,110904.0,1351.0,1325.0,1173.0,1423.0,2161.0,15196.0,14629.0,15210.0,15314.0,18551.0,10371.0,10745.0,11337.0,10934.0,11445.0,,,,,0.2,0.2,0.16,0.16,0.16,23,23,23,23,23,1.86,1.9,1.89,1.96,2.17
1.0,46029,Codington County,11.0,15.0,13.0,12.0,,,11.0,,,14.0,24.0,23.0,23.0,22.0,21.0,632.0,616.0,624.0,646.0,663.0,745.0,769.0,820.0,799.0,784.0,178.0,119.0,116.0,102.0,106.0,805.0,818.0,795.0,799.0,737.0,127.0,115.0,121.0,122.0,131.0,264.0,303.0,337.0,318.0,332.0,,,,,,207.0,224.0,209.0,258.0,225.0,88.0,84.0,73.0,88.0,88.0,1872.0,1857.0,1817.0,1872.0,1905.0,117.0,114.0,114.0,108.0,116.0,1708.0,1700.0,1688.0,1755.0,1918.0,580.0,577.0,601.0,600.0,559.0,,,,,5.0,5.0,3.0,3.0,,,3.0,,,3.0,3.0,3.0,3.0,3.0,3.0,140.0,134.0,132.0,138.0,138.0,70.0,69.0,70.0,69.0,73.0,11.0,11.0,13.0,12.0,16.0,72.0,74.0,76.0,74.0,77.0,63.0,66.0,65.0,66.0,73.0,70.0,77.0,73.0,77.0,77.0,,,,,,46.0,47.0,46.0,46.0,50.0,5.0,5.0,6.0,6.0,8.0,79.0,79.0,83.0,86.0,92.0,31.0,31.0,30.0,28.0,42.0,89.0,84.0,84.0,87.0,90.0,103.0,102.0,109.0,108.0,111.0,,,,,1857.36,1857.37,1857.4,1857.34,1857.41,44.97,44.97,44.97,44.97,44.97,-97.2,-97.2,-97.2,-97.2,-97.2,429.0,597.0,479.0,518.0,,,591.0,,,684.0,1485.0,1542.0,1647.0,1654.0,1705.0,32126.0,32331.0,33446.0,35822.0,38439.0,38713.0,42001.0,44577.0,42809.0,48649.0,5828.0,5802.0,4755.0,4678.0,4760.0,36257.0,39435.0,39528.0,45572.0,43421.0,3877.0,3722.0,3641.0,3820.0,4236.0,11367.0,13733.0,13464.0,14722.0,16058.0,,,,,,6184.0,6166.0,6718.0,7394.0,7654.0,2317.0,2052.0,2020.0,1981.0,1906.0,77421.0,80075.0,82215.0,88523.0,95489.0,1648.0,1757.0,1716.0,1750.0,2826.0,26635.0,28047.0,29346.0,30592.0,44931.0,14030.0,14324.0,15222.0,15625.0,16891.0,,,,,0.14,0.12,0.2,0.19,0.2,28,28,28,28,28,1.88,2.07,1.96,2.03,1.97
0.0,46005,Beadle County,2.0,2.0,,,3.0,,,,,,165.0,163.0,162.0,161.0,156.0,219.0,220.0,211.0,216.0,263.0,505.0,529.0,474.0,480.0,491.0,81.0,84.0,74.0,70.0,49.0,466.0,504.0,547.0,559.0,555.0,98.0,86.0,75.0,71.0,77.0,118.0,116.0,113.0,123.0,109.0,,23.0,25.0,23.0,25.0,104.0,116.0,132.0,123.0,95.0,0.0,46.0,42.0,,,1289.0,1318.0,1225.0,1122.0,1074.0,92.0,81.0,97.0,92.0,70.0,516.0,514.0,509.0,483.0,450.0,317.0,288.0,295.0,307.0,270.0,,,,,3.0,3.0,,,3.0,,,,,,3.0,3.0,3.0,3.0,3.0,61.0,60.0,62.0,61.0,63.0,34.0,34.0,35.0,36.0,37.0,9.0,9.0,8.0,7.0,7.0,44.0,45.0,43.0,48.0,48.0,31.0,28.0,29.0,28.0,25.0,27.0,27.0,24.0,25.0,25.0,,3.0,3.0,3.0,3.0,19.0,20.0,21.0,21.0,24.0,3.0,3.0,3.0,,,63.0,56.0,64.0,59.0,59.0,12.0,12.0,12.0,11.0,11.0,40.0,44.0,45.0,42.0,43.0,70.0,67.0,71.0,67.0,71.0,,,,,3275.88,3275.84,3275.86,3275.86,3275.84,44.42,44.42,44.42,44.42,44.42,-98.28,-98.28,-98.28,-98.28,-98.28,216.0,213.0,,,283.0,,,,,,12502.0,12593.0,12958.0,13273.0,11930.0,14328.0,14076.0,14303.0,15671.0,16870.0,26626.0,26244.0,26399.0,28769.0,30549.0,1551.0,1627.0,1293.0,1220.0,1248.0,23611.0,26602.0,28492.0,30374.0,32762.0,1675.0,1696.0,1845.0,1860.0,2506.0,5087.0,5145.0,5166.0,5487.0,5226.0,,1422.0,1420.0,1469.0,1517.0,3046.0,2973.0,3186.0,3398.0,3734.0,0.0,1007.0,1003.0,,,44914.0,45127.0,44555.0,45217.0,48322.0,1722.0,1526.0,1705.0,1497.0,1582.0,7232.0,7470.0,7489.0,6805.0,7959.0,7100.0,6780.0,6878.0,7394.0,7807.0,,,,,0.01,0.03,0.03,0.05,0.06,18,18,18,18,19,2.14,2.02,1.99,1.74,1.73
0.0,46019,Butte County,18.0,16.0,17.0,14.0,14.0,0.0,216.0,196.0,,,,,,,,153.0,150.0,154.0,149.0,141.0,104.0,91.0,48.0,35.0,39.0,,,,,,96.0,106.0,81.0,84.0,93.0,28.0,24.0,22.0,21.0,18.0,100.0,83.0,95.0,80.0,96.0,,,,,,62.0,73.0,87.0,53.0,75.0,,,,,,267.0,259.0,255.0,256.0,269.0,4.0,5.0,4.0,6.0,8.0,314.0,260.0,268.0,267.0,267.0,143.0,140.0,116.0,121.0,110.0,,,2.0,,8.0,8.0,6.0,5.0,4.0,3.0,3.0,3.0,,,,,,,,51.0,50.0,58.0,55.0,56.0,11.0,11.0,11.0,10.0,10.0,,,,,,20.0,19.0,16.0,17.0,17.0,10.0,10.0,10.0,10.0,9.0,26.0,25.0,24.0,23.0,24.0,,,,,,14.0,16.0,14.0,14.0,15.0,,,,,,30.0,29.0,29.0,28.0,30.0,5.0,4.0,4.0,4.0,4.0,33.0,30.0,33.0,36.0,33.0,32.0,32.0,32.0,32.0,35.0,,,3.0,,5871.72,5871.63,5871.48,5869.95,5871.93,39.65,39.65,39.65,39.65,39.65,-121.59,-121.59,-121.59,-121.59,-121.59,868.0,1345.0,785.0,819.0,631.0,0.0,11716.0,10434.0,,,,,,,,6113.0,6204.0,6478.0,6290.0,6455.0,2573.0,2221.0,1781.0,2439.0,1384.0,,,,,,4234.0,4472.0,4171.0,4267.0,4604.0,577.0,579.0,570.0,526.0,674.0,3474.0,3482.0,3436.0,3260.0,4865.0,,,,,,1141.0,1073.0,1168.0,1079.0,1342.0,,,,,,8692.0,7825.0,8444.0,9114.0,9850.0,143.0,157.0,187.0,226.0,246.0,4129.0,3838.0,3910.0,3551.0,4483.0,3453.0,3484.0,3437.0,3460.0,3444.0,,,120.0,,0.0,0.02,0.0,0.02,0.0,10,10,10,10,10,0.0,1.52,0.0,1.7,0.0
0.0,46035,Davison County,3.0,14.0,17.0,17.0,,,,,,,84.0,84.0,83.0,83.0,84.0,656.0,702.0,654.0,671.0,628.0,511.0,545.0,494.0,523.0,478.0,286.0,263.0,232.0,219.0,184.0,354.0,382.0,381.0,385.0,388.0,66.0,62.0,65.0,67.0,77.0,782.0,793.0,912.0,1036.0,1130.0,,,,,,166.0,175.0,177.0,154.0,167.0,429.0,436.0,435.0,392.0,393.0,2134.0,1976.0,1954.0,2313.0,2275.0,106.0,109.0,111.0,121.0,98.0,1340.0,1296.0,1410.0,1312.0,1165.0,363.0,347.0,319.0,325.0,298.0,,,,,4.0,3.0,3.0,3.0,,,,,,,4.0,4.0,4.0,4.0,4.0,70.0,67.0,67.0,65.0,69.0,43.0,41.0,40.0,36.0,31.0,9.0,8.0,8.0,7.0,7.0,60.0,63.0,59.0,58.0,58.0,21.0,19.0,18.0,17.0,20.0,42.0,46.0,48.0,46.0,44.0,,,,,,25.0,22.0,24.0,29.0,27.0,7.0,6.0,6.0,5.0,7.0,70.0,68.0,75.0,85.0,85.0,18.0,20.0,18.0,17.0,17.0,86.0,81.0,86.0,85.0,87.0,69.0,72.0,71.0,69.0,66.0,,,,,1131.46,1131.69,1131.69,1131.62,1131.69,43.67,43.67,43.67,43.67,43.67,-98.14,-98.14,-98.14,-98.14,-98.14,185.0,373.0,481.0,629.0,,,,,,,7031.0,7114.0,7643.0,7869.0,8039.0,32830.0,36185.0,35871.0,37535.0,38447.0,21637.0,23842.0,24811.0,22612.0,23628.0,12348.0,11320.0,10359.0,10182.0,9790.0,18993.0,21393.0,23169.0,25744.0,26478.0,1432.0,1428.0,1490.0,1643.0,1901.0,40656.0,43623.0,46860.0,57621.0,67585.0,,,,,,4104.0,4043.0,4496.0,4192.0,4490.0,8815.0,9107.0,9407.0,9034.0,9519.0,74578.0,81225.0,77491.0,86489.0,90313.0,2379.0,2984.0,2410.0,2407.0,2007.0,19964.0,20177.0,22142.0,18564.0,21869.0,9306.0,9351.0,9402.0,9299.0,9865.0,,,,,0.13,0.2,0.12,0.18,0.2,20,20,20,20,20,2.16,1.79,1.92,2.06,2.0
1.0,46045,Edmunds County,,,,,,,,,,,0.0,20.0,21.0,19.0,18.0,27.0,27.0,29.0,26.0,26.0,229.0,122.0,111.0,121.0,105.0,,,,,,50.0,51.0,52.0,48.0,55.0,7.0,6.0,5.0,5.0,5.0,28.0,29.0,29.0,28.0,25.0,,,,,,,,3.0,2.0,7.0,,,,,,190.0,142.0,145.0,189.0,175.0,,,0.0,0.0,3.0,59.0,73.0,59.0,62.0,63.0,39.0,33.0,35.0,32.0,30.0,,,,,,,,,,,,,,,3.0,3.0,3.0,3.0,3.0,15.0,14.0,14.0,9.0,11.0,13.0,13.0,13.0,13.0,13.0,,,,,,9.0,9.0,10.0,10.0,10.0,4.0,4.0,3.0,3.0,3.0,5.0,4.0,4.0,4.0,3.0,,,,,,,,3.0,3.0,3.0,,,,,,9.0,8.0,9.0,8.0,7.0,,,3.0,3.0,3.0,12.0,12.0,9.0,8.0,10.0,11.0,12.0,11.0,11.0,11.0,,,,,2981.17,2981.17,2981.18,2981.31,2981.28,45.42,45.42,45.42,45.42,45.42,-99.22,-99.22,-99.22,-99.22,-99.22,,,,,,,,,,,0.0,1531.0,1614.0,1469.0,1573.0,1299.0,1337.0,1478.0,1664.0,1645.0,10120.0,5013.0,5288.0,4934.0,5181.0,,,,,,2322.0,2495.0,2555.0,2616.0,2570.0,86.0,85.0,86.0,89.0,90.0,1097.0,1200.0,1277.0,1313.0,1295.0,,,,,,,,189.0,329.0,726.0,,,,,,4341.0,4018.0,4662.0,5605.0,5328.0,,,41.0,54.0,64.0,795.0,742.0,774.0,789.0,908.0,423.0,504.0,471.0,536.0,483.0,,,,,0.0,0.0,0.0,0.0,0.0,4,4,4,4,4,0.0,0.0,0.0,0.0,0.0
1.0,46021,Campbell County,,,,,,,,,,,,,,,,11.0,,,,4.0,87.0,66.0,69.0,69.0,64.0,,20.0,21.0,24.0,,0.0,,,29.0,25.0,,,,,,9.0,13.0,8.0,6.0,13.0,,,,,,,,,,,,,,,,19.0,19.0,16.0,17.0,17.0,,,,,,15.0,14.0,6.0,11.0,11.0,10.0,13.0,10.0,13.0,16.0,,2.0,4.0,,,,,,,,,,,,,,,,,3.0,,,,3.0,7.0,6.0,6.0,6.0,6.0,,3.0,3.0,3.0,,3.0,,,3.0,3.0,,,,,,4.0,5.0,5.0,4.0,5.0,,,,,,,,,,,,,,,,4.0,5.0,5.0,3.0,3.0,,,,,,7.0,6.0,4.0,4.0,4.0,7.0,9.0,8.0,7.0,9.0,,4.0,3.0,,1997.21,1997.21,1997.21,1997.09,1997.21,38.93,38.93,38.93,38.93,38.93,-84.37,-84.37,-84.37,-84.37,-84.37,,,,,,,,,,,,,,,,289.0,,,,119.0,2425.0,1414.0,1475.0,1439.0,1323.0,,1138.0,1341.0,1473.0,,0.0,,,1689.0,1292.0,,,,,,260.0,290.0,264.0,266.0,315.0,,,,,,,,,,,,,,,,509.0,486.0,484.0,521.0,560.0,,,,,,129.0,99.0,79.0,116.0,153.0,191.0,202.0,225.0,251.0,315.0,,68.0,41.0,,0.0,0.0,0.0,0.0,0.0,1,1,1,1,2,0.0,0.0,0.0,0.0,0.0
1.0,46073,Jerauld County,2.0,4.0,4.0,4.0,3.0,,,,,,,,,,,20.0,15.0,21.0,25.0,22.0,103.0,122.0,129.0,121.0,120.0,,,,,,31.0,28.0,28.0,28.0,32.0,,,,,,16.0,10.0,22.0,27.0,25.0,,,,,,,,,,,,,,,,127.0,121.0,133.0,128.0,112.0,6.0,,,,,54.0,58.0,52.0,60.0,47.0,32.0,38.0,41.0,37.0,47.0,,,,,3.0,4.0,4.0,4.0,3.0,,,,,,,,,,,13.0,9.0,9.0,10.0,9.0,7.0,7.0,8.0,8.0,8.0,,,,,,5.0,5.0,5.0,5.0,5.0,,,,,,5.0,4.0,6.0,5.0,5.0,,,,,,,,,,,,,,,,6.0,6.0,6.0,6.0,5.0,3.0,,,,,9.0,8.0,8.0,9.0,8.0,11.0,11.0,12.0,10.0,9.0,,,,,1379.64,1379.53,1379.4,1379.46,1379.52,44.08,44.08,44.08,44.08,44.08,-98.62,-98.62,-98.62,-98.62,-98.62,79.0,86.0,103.0,172.0,109.0,,,,,,,,,,,511.0,506.0,649.0,687.0,577.0,4459.0,6385.0,6171.0,6232.0,6228.0,,,,,,2249.0,2298.0,2311.0,2586.0,2839.0,,,,,,586.0,579.0,863.0,1304.0,1261.0,,,,,,,,,,,,,,,,4807.0,4561.0,4834.0,5481.0,5717.0,304.0,,,,,791.0,824.0,907.0,842.0,677.0,571.0,659.0,1049.0,1033.0,1238.0,,,,,0.0,0.0,0.0,0.0,0.0,2,2,2,2,2,0.0,0.0,0.0,0.0,0.0
1.0,46007,Bennett County,,,,,,,,,,,,,,,,93.0,91.0,97.0,87.0,67.0,,,,,,20.0,25.0,25.0,27.0,22.0,,15.0,12.0,,,,,,,,,,2.0,8.0,16.0,,,,,,,,,,,,,,,,152.0,157.0,148.0,135.0,119.0,,,,,,56.0,59.0,38.0,46.0,42.0,14.0,10.0,10.0,9.0,13.0,,,,,,,,,,,,,,,,,,,,11.0,11.0,10.0,10.0,10.0,,,,,,5.0,6.0,5.0,4.0,4.0,,3.0,3.0,,,,,,,,,,3.0,4.0,4.0,,,,,,,,,,,,,,,,7.0,7.0,5.0,4.0,7.0,,,,,,8.0,6.0,4.0,4.0,4.0,6.0,5.0,4.0,4.0,6.0,,,,,3083.46,3083.46,3083.46,3082.76,3083.29,43.19,43.19,43.19,43.19,43.19,-101.66,-101.66,-101.66,-101.66,-101.66,,,,,,,,,,,,,,,,2944.0,2954.0,3203.0,3275.0,2975.0,,,,,,671.0,695.0,615.0,545.0,590.0,,582.0,631.0,,,,,,,,,,50.0,49.0,122.0,,,,,,,,,,,,,,,,6466.0,6732.0,6788.0,7041.0,6972.0,,,,,,783.0,593.0,530.0,640.0,710.0,236.0,204.0,177.0,196.0,379.0,,,,,0.0,0.0,0.0,0.0,0.0,3,3,3,3,3,0.0,0.0,0.0,0.0,0.0
1.0,46055,Haakon County,,,,,,,,,,,,,,,,19.0,17.0,17.0,20.0,15.0,122.0,109.0,115.0,123.0,120.0,45.0,41.0,39.0,41.0,38.0,46.0,43.0,43.0,44.0,41.0,,,,,,13.0,15.0,13.0,8.0,15.0,,,,,,,,,,,,,,,,0.0,161.0,153.0,161.0,145.0,6.0,,,,,39.0,43.0,34.0,40.0,33.0,16.0,44.0,23.0,22.0,22.0,,,,,,,,,,,,,,,,,,,,10.0,9.0,10.0,9.0,9.0,9.0,8.0,9.0,11.0,9.0,3.0,3.0,3.0,3.0,3.0,5.0,5.0,5.0,5.0,5.0,,,,,,5.0,5.0,5.0,5.0,5.0,,,,,,,,,,,,,,,,7.0,8.0,8.0,8.0,9.0,3.0,,,,,7.0,7.0,6.0,7.0,5.0,8.0,9.0,7.0,7.0,6.0,,,,,4731.34,4731.41,4731.02,4731.48,4731.32,44.29,44.29,44.29,44.29,44.29,-101.58,-101.58,-101.58,-101.58,-101.58,,,,,,,,,,,,,,,,671.0,738.0,715.0,839.0,848.0,3961.0,3726.0,3769.0,3959.0,4020.0,1408.0,1372.0,1239.0,1255.0,1210.0,2610.0,2363.0,2533.0,2582.0,2819.0,,,,,,560.0,504.0,387.0,361.0,461.0,,,,,,,,,,,,,,,,0.0,6226.0,6256.0,6492.0,6816.0,79.0,,,,,408.0,436.0,409.0,335.0,415.0,567.0,635.0,535.0,618.0,667.0,,,,,0.0,0.0,0.0,0.0,0.0,2,2,2,2,2,0.0,0.0,0.0,0.0,0.0
1.0,46117,Stanley County,,,1.0,7.0,,,,,,,,,,,,260.0,217.0,201.0,220.0,234.0,108.0,109.0,97.0,92.0,104.0,,,,,,30.0,34.0,29.0,26.0,28.0,,,,1.0,4.0,34.0,44.0,64.0,49.0,56.0,,,,,,24.0,23.0,23.0,27.0,28.0,,,,,,29.0,25.0,25.0,24.0,18.0,8.0,9.0,5.0,4.0,4.0,282.0,236.0,190.0,187.0,146.0,38.0,46.0,47.0,58.0,55.0,,,,,,,3.0,3.0,,,,,,,,,,,,24.0,24.0,23.0,24.0,25.0,4.0,4.0,4.0,4.0,4.0,,,,,,5.0,4.0,4.0,4.0,4.0,,,,3.0,3.0,5.0,6.0,7.0,7.0,6.0,,,,,,6.0,7.0,7.0,7.0,7.0,,,,,,5.0,5.0,5.0,5.0,5.0,4.0,4.0,3.0,3.0,3.0,16.0,13.0,12.0,12.0,11.0,14.0,15.0,16.0,15.0,16.0,,,,,3928.96,3928.88,3928.96,3928.93,3928.93,44.42,44.42,44.42,44.42,44.42,-100.8,-100.8,-100.8,-100.8,-100.8,,,284.0,182.0,,,,,,,,,,,,15781.0,14060.0,14241.0,13968.0,15248.0,2485.0,2692.0,2755.0,2942.0,3334.0,,,,,,1149.0,1228.0,1441.0,1497.0,1677.0,,,,68.0,82.0,1835.0,3381.0,4448.0,2542.0,2950.0,,,,,,540.0,618.0,634.0,782.0,871.0,,,,,,887.0,903.0,953.0,825.0,892.0,153.0,138.0,140.0,157.0,197.0,3989.0,3203.0,2807.0,2652.0,3098.0,951.0,1050.0,1091.0,1133.0,1376.0,,,,,0.0,0.0,0.0,0.0,0.0,3,3,3,3,3,0.0,0.0,0.0,0.0,0.0
1.0,46075,Jones County,1.0,,,,,,,,,,0.0,36.0,36.0,35.0,34.0,,,6.0,,5.0,,,,,,,,,,,11.0,13.0,13.0,12.0,12.0,,,,,,,,,,,,,,,,,,,,,,,,,,,,,,,,,,,,80.0,77.0,64.0,64.0,63.0,,,,,,,,,,3.0,,,,,,,,,,3.0,3.0,3.0,3.0,3.0,,,3.0,,3.0,,,,,,,,,,,4.0,4.0,4.0,4.0,4.0,,,,,,,,,,,,,,,,,,,,,,,,,,,,,,,,,,,,18.0,17.0,17.0,16.0,18.0,,,,,,,,,,2514.81,2514.83,2514.75,2514.88,2514.71,32.71,32.71,32.71,32.71,32.71,-99.86,-99.86,-99.86,-99.86,-99.86,26.0,,,,,,,,,,0.0,2683.0,2681.0,2726.0,2673.0,,,152.0,,122.0,,,,,,,,,,,448.0,457.0,549.0,583.0,633.0,,,,,,,,,,,,,,,,,,,,,,,,,,,,,,,,,,,,1666.0,1499.0,1570.0,1345.0,1745.0,,,,,,,,,,0.0,0.0,0.0,0.0,0.0,1,1,1,1,1,0.0,0.0,0.0,0.0,0.0
1.0,46093,Meade County,13.0,8.0,,,,15.0,11.0,9.0,14.0,9.0,23.0,23.0,22.0,23.0,22.0,663.0,664.0,643.0,679.0,823.0,135.0,172.0,144.0,196.0,192.0,98.0,44.0,28.0,31.0,31.0,162.0,161.0,151.0,162.0,158.0,69.0,70.0,84.0,82.0,88.0,192.0,178.0,171.0,197.0,224.0,,,,,,126.0,157.0,126.0,150.0,164.0,17.0,27.0,14.0,21.0,17.0,1424.0,1447.0,1450.0,1451.0,1461.0,91.0,76.0,53.0,51.0,58.0,586.0,559.0,576.0,559.0,606.0,239.0,259.0,312.0,316.0,291.0,,,,,5.0,4.0,,,,3.0,3.0,3.0,3.0,3.0,5.0,5.0,6.0,6.0,4.0,143.0,145.0,141.0,148.0,161.0,23.0,24.0,23.0,18.0,20.0,8.0,7.0,7.0,8.0,8.0,23.0,22.0,22.0,23.0,24.0,27.0,33.0,32.0,33.0,42.0,45.0,46.0,41.0,46.0,50.0,,,,,,38.0,36.0,39.0,40.0,45.0,6.0,7.0,4.0,4.0,6.0,38.0,40.0,40.0,38.0,41.0,16.0,14.0,13.0,12.0,18.0,69.0,73.0,72.0,71.0,72.0,71.0,70.0,73.0,73.0,68.0,,,,,9020.84,9020.52,9020.31,9020.38,9020.29,37.21,37.21,37.21,37.21,37.21,-100.4,-100.4,-100.4,-100.4,-100.4,231.0,222.0,,,,628.0,562.0,639.0,721.0,649.0,2285.0,2134.0,2174.0,2232.0,2071.0,29945.0,31893.0,34162.0,35295.0,41252.0,4973.0,5722.0,6991.0,7478.0,8880.0,3796.0,1722.0,1332.0,1567.0,1535.0,7655.0,7776.0,8372.0,9403.0,10292.0,1801.0,2102.0,2517.0,2632.0,3417.0,7822.0,7704.0,8034.0,10911.0,11713.0,,,,,,4465.0,5541.0,5241.0,6131.0,7335.0,362.0,285.0,359.0,418.0,402.0,115847.0,120490.0,123246.0,130210.0,134068.0,2830.0,2977.0,2190.0,2284.0,2213.0,11846.0,12547.0,13026.0,12326.0,16716.0,6058.0,7198.0,8424.0,9571.0,9963.0,,,,,0.01,0.01,0.0,0.01,0.01,27,27,28,28,30,1.95,2.23,0.0,2.26,2.17
1.0,46125,Turner County,10.0,13.0,4.0,4.0,7.0,,,,,,18.0,19.0,20.0,18.0,18.0,132.0,143.0,121.0,168.0,153.0,84.0,93.0,118.0,109.0,116.0,21.0,19.0,16.0,15.0,16.0,86.0,94.0,85.0,88.0,92.0,0.0,60.0,60.0,57.0,54.0,37.0,36.0,25.0,18.0,21.0,,,,,,21.0,9.0,8.0,6.0,4.0,,,,,,293.0,323.0,320.0,333.0,317.0,,,,7.0,4.0,93.0,70.0,60.0,64.0,61.0,63.0,56.0,65.0,61.0,54.0,,,,,4.0,4.0,4.0,4.0,4.0,,,,,,4.0,4.0,4.0,3.0,3.0,46.0,39.0,43.0,49.0,48.0,18.0,21.0,21.0,21.0,23.0,3.0,3.0,3.0,3.0,3.0,21.0,20.0,20.0,21.0,20.0,4.0,4.0,5.0,4.0,4.0,14.0,14.0,11.0,11.0,12.0,,,,,,5.0,5.0,5.0,4.0,3.0,,,,,,19.0,23.0,20.0,19.0,18.0,,,,4.0,4.0,18.0,15.0,15.0,15.0,15.0,31.0,30.0,30.0,32.0,34.0,,,,,1599.57,1599.57,1599.58,1599.54,1599.56,31.7,31.7,31.7,31.7,31.7,-83.62,-83.62,-83.62,-83.62,-83.62,307.0,184.0,164.0,165.0,201.0,,,,,,1500.0,1521.0,1599.0,1582.0,1641.0,5461.0,5306.0,5404.0,7147.0,6556.0,4762.0,5413.0,8006.0,6730.0,7604.0,830.0,771.0,665.0,669.0,729.0,5001.0,5417.0,5360.0,6019.0,6443.0,0.0,1839.0,2068.0,2552.0,3012.0,1519.0,1360.0,772.0,810.0,928.0,,,,,,269.0,256.0,144.0,126.0,107.0,,,,,,8013.0,9719.0,10170.0,10483.0,10104.0,,,,198.0,190.0,783.0,727.0,640.0,562.0,757.0,1273.0,1112.0,1315.0,1469.0,1559.0,,,,,0.0,0.0,0.0,0.0,0.0,8,8,8,8,9,0.0,0.0,0.0,0.0,0.0
1.0,46023,Charles Mix County,,,,,,,,,,,,,,,,139.0,137.0,129.0,149.0,149.0,181.0,171.0,152.0,136.0,140.0,11.0,17.0,14.0,17.0,9.0,111.0,113.0,118.0,106.0,106.0,8.0,6.0,6.0,5.0,5.0,42.0,47.0,47.0,47.0,53.0,,,,,,26.0,30.0,39.0,41.0,32.0,168.0,189.0,182.0,195.0,174.0,612.0,559.0,523.0,541.0,528.0,22.0,22.0,26.0,28.0,22.0,374.0,360.0,354.0,333.0,270.0,111.0,116.0,96.0,98.0,94.0,4.0,1.0,,,,,,,,,,,,,,,,,,29.0,31.0,32.0,32.0,30.0,17.0,18.0,19.0,18.0,20.0,4.0,4.0,4.0,4.0,3.0,22.0,23.0,24.0,23.0,23.0,5.0,5.0,5.0,6.0,5.0,11.0,11.0,12.0,13.0,15.0,,,,,,12.0,10.0,13.0,15.0,15.0,5.0,3.0,3.0,3.0,3.0,28.0,27.0,25.0,26.0,27.0,7.0,7.0,8.0,7.0,7.0,21.0,21.0,21.0,18.0,22.0,42.0,38.0,36.0,35.0,36.0,3.0,3.0,,,2979.35,2979.35,2979.35,2979.18,2979.4,43.23,43.23,43.23,43.23,43.23,-98.62,-98.62,-98.62,-98.62,-98.62,,,,,,,,,,,,,,,,5861.0,6166.0,6013.0,7152.0,7333.0,6563.0,6106.0,5988.0,6031.0,7141.0,435.0,481.0,414.0,348.0,134.0,4443.0,4873.0,5199.0,5101.0,5395.0,183.0,143.0,77.0,257.0,83.0,1325.0,1371.0,1445.0,1559.0,1813.0,,,,,,489.0,595.0,713.0,802.0,916.0,5085.0,5327.0,5287.0,5970.0,6662.0,16917.0,16700.0,17586.0,21626.0,23678.0,996.0,1049.0,1051.0,1026.0,1023.0,7012.0,7053.0,6874.0,4760.0,7037.0,2315.0,2241.0,2173.0,2296.0,2348.0,55.0,13.0,,,0.0,0.0,0.0,0.0,0.0,9,9,9,9,9,0.0,0.0,0.0,0.0,0.0
0.0,46061,Hanson County,,,,,,,,,,,,,,,,52.0,52.0,33.0,62.0,59.0,28.0,19.0,23.0,18.0,18.0,,,,,,30.0,28.0,29.0,31.0,28.0,,1.0,3.0,5.0,,6.0,8.0,11.0,9.0,10.0,,,,,,,,,,,,,,,,12.0,17.0,,16.0,15.0,,,,,,17.0,14.0,10.0,15.0,12.0,26.0,18.0,19.0,22.0,17.0,,,,,,,,,,,,,,,,,,,,20.0,20.0,19.0,19.0,19.0,5.0,5.0,5.0,4.0,4.0,,,,,,7.0,7.0,8.0,7.0,8.0,,3.0,3.0,3.0,,6.0,7.0,7.0,5.0,7.0,,,,,,,,,,,,,,,,3.0,3.0,,3.0,3.0,,,,,,7.0,5.0,5.0,4.0,4.0,8.0,7.0,6.0,8.0,7.0,,,,,1127.69,1127.45,1127.39,1127.54,1127.4,43.66,43.66,43.66,43.66,43.66,-97.79,-97.79,-97.79,-97.79,-97.79,,,,,,,,,,,,,,,,1963.0,1985.0,1789.0,2553.0,2667.0,1427.0,1316.0,1923.0,1354.0,1583.0,,,,,,1174.0,1205.0,1255.0,1432.0,1499.0,,11.0,17.0,19.0,,196.0,366.0,372.0,496.0,539.0,,,,,,,,,,,,,,,,204.0,221.0,,344.0,403.0,,,,,,209.0,209.0,188.0,180.0,183.0,385.0,223.0,193.0,282.0,190.0,,,,,0.0,0.0,0.0,0.0,0.0,3,3,3,3,3,0.0,0.0,0.0,0.0,0.0
1.0,46013,Brown County,20.0,16.0,16.0,16.0,25.0,,,,,,109.0,107.0,106.0,104.0,106.0,781.0,751.0,727.0,722.0,771.0,1229.0,1214.0,1205.0,1142.0,1129.0,321.0,275.0,253.0,317.0,156.0,1036.0,1038.0,953.0,939.0,902.0,297.0,304.0,261.0,272.0,225.0,420.0,415.0,385.0,391.0,410.0,206.0,165.0,222.0,212.0,205.0,442.0,452.0,463.0,446.0,522.0,516.0,506.0,486.0,468.0,422.0,3247.0,3219.0,3165.0,3212.0,3004.0,354.0,364.0,362.0,372.0,371.0,2019.0,2066.0,2168.0,2121.0,1855.0,772.0,789.0,734.0,706.0,662.0,,,,,7.0,7.0,8.0,8.0,8.0,,,,,,7.0,7.0,7.0,7.0,7.0,163.0,158.0,147.0,154.0,150.0,89.0,90.0,89.0,86.0,87.0,21.0,19.0,18.0,15.0,15.0,103.0,106.0,104.0,105.0,100.0,62.0,62.0,64.0,62.0,62.0,71.0,71.0,70.0,75.0,79.0,8.0,5.0,5.0,5.0,4.0,67.0,62.0,65.0,60.0,71.0,8.0,10.0,11.0,12.0,11.0,110.0,111.0,109.0,123.0,118.0,42.0,39.0,37.0,38.0,40.0,102.0,109.0,111.0,116.0,106.0,136.0,138.0,137.0,133.0,135.0,,,,,4483.68,4483.68,4483.68,4483.71,4483.64,31.75,31.75,31.75,31.75,31.75,-98.99,-98.99,-98.99,-98.99,-98.99,675.0,746.0,747.0,838.0,841.0,,,,,,7906.0,7698.0,8153.0,8327.0,8827.0,42578.0,42780.0,42545.0,44014.0,43852.0,62412.0,62768.0,66284.0,66549.0,70641.0,12825.0,10175.0,8745.0,13876.0,8349.0,63592.0,66864.0,64508.0,70158.0,69017.0,11006.0,11174.0,12168.0,11354.0,10653.0,18612.0,19257.0,18380.0,21051.0,21714.0,20049.0,15408.0,20123.0,18532.0,19848.0,18633.0,15916.0,16583.0,15940.0,20084.0,11512.0,11526.0,11216.0,11111.0,10759.0,152782.0,154620.0,157439.0,162462.0,167289.0,5113.0,5200.0,5204.0,5328.0,6030.0,30449.0,32690.0,34633.0,30265.0,35284.0,17656.0,18154.0,18348.0,18783.0,19604.0,,,,,0.13,0.17,0.14,0.12,0.08,39,39,39,39,38,2.02,1.94,1.91,2.06,2.3
1.0,46091,Marshall County,,,,,,,,,,,,,,,,65.0,47.0,56.0,46.0,53.0,80.0,83.0,80.0,81.0,84.0,,,,,,46.0,40.0,47.0,48.0,43.0,,3.0,,6.0,8.0,25.0,29.0,29.0,22.0,26.0,,,,,,11.0,12.0,21.0,24.0,14.0,,,,,,174.0,170.0,206.0,287.0,207.0,,,,,,114.0,111.0,88.0,79.0,62.0,50.0,54.0,52.0,54.0,44.0,,,,,,,,,,,,,,,,,,,,20.0,18.0,19.0,17.0,18.0,12.0,13.0,14.0,13.0,14.0,,,,,,13.0,12.0,12.0,16.0,14.0,,3.0,,3.0,3.0,9.0,9.0,8.0,8.0,10.0,,,,,,7.0,9.0,8.0,9.0,8.0,,,,,,12.0,12.0,12.0,12.0,12.0,,,,,,14.0,15.0,14.0,13.0,8.0,17.0,18.0,19.0,18.0,17.0,,,,,2293.66,2293.66,2293.68,2293.76,2293.67,41.03,41.03,41.03,41.03,41.03,-89.3,-89.3,-89.3,-89.3,-89.3,,,,,,,,,,,,,,,,2080.0,2146.0,2278.0,2333.0,2601.0,3793.0,3893.0,3921.0,3978.0,4338.0,,,,,,1508.0,1649.0,1925.0,2459.0,2712.0,,83.0,,283.0,196.0,904.0,906.0,798.0,796.0,743.0,,,,,,510.0,600.0,895.0,895.0,959.0,,,,,,4392.0,4506.0,5459.0,10806.0,7411.0,,,,,,1220.0,1329.0,1049.0,837.0,921.0,1017.0,899.0,929.0,892.0,803.0,,,,,0.0,0.0,0.0,0.0,0.0,5,5,5,5,4,0.0,0.0,0.0,0.0,0.0
1.0,46101,Moody County,2.0,2.0,2.0,2.0,2.0,,,,,,,,,,,153.0,171.0,157.0,146.0,165.0,59.0,69.0,64.0,78.0,86.0,0.0,5.0,6.0,,,22.0,22.0,22.0,22.0,35.0,0.0,5.0,11.0,3.0,4.0,22.0,22.0,24.0,24.0,17.0,,,,,,28.0,27.0,16.0,17.0,22.0,,,,,,199.0,197.0,188.0,205.0,198.0,22.0,,,,,438.0,427.0,413.0,392.0,338.0,62.0,57.0,57.0,54.0,64.0,,,,,3.0,3.0,4.0,3.0,3.0,,,,,,,,,,,28.0,27.0,26.0,26.0,24.0,6.0,7.0,7.0,8.0,9.0,3.0,3.0,3.0,,,7.0,7.0,7.0,7.0,8.0,4.0,5.0,4.0,5.0,4.0,11.0,11.0,11.0,11.0,11.0,,,,,,6.0,6.0,5.0,5.0,6.0,,,,,,13.0,13.0,14.0,17.0,16.0,4.0,,,,,12.0,15.0,14.0,11.0,11.0,18.0,20.0,21.0,20.0,23.0,,,,,1348.92,1348.99,1348.91,1348.89,1349.02,44.0,44.0,44.0,44.0,44.0,-96.67,-96.67,-96.67,-96.67,-96.67,78.0,81.0,101.0,69.0,65.0,,,,,,,,,,,10412.0,11478.0,10175.0,11151.0,12491.0,3041.0,3210.0,3083.0,3354.0,4172.0,0.0,121.0,114.0,,,1094.0,1076.0,1118.0,967.0,934.0,0.0,148.0,36.0,36.0,90.0,474.0,515.0,634.0,593.0,613.0,,,,,,1005.0,963.0,723.0,755.0,840.0,,,,,,6212.0,5981.0,6559.0,8080.0,7707.0,770.0,,,,,8682.0,9220.0,8712.0,7611.0,9274.0,1075.0,1115.0,1128.0,1231.0,1306.0,,,,,0.0,0.0,0.0,0.0,0.0,6,7,7,7,6,0.0,0.0,0.0,0.0,0.0
1.0,46105,Perkins County,,,,,,,,,,,0.0,51.0,52.0,52.0,51.0,55.0,56.0,55.0,62.0,63.0,82.0,87.0,80.0,80.0,85.0,,,,,,51.0,49.0,49.0,49.0,51.0,,,,,,21.0,19.0,14.0,19.0,18.0,,,,,,11.0,13.0,13.0,13.0,9.0,,,,,,131.0,122.0,131.0,132.0,134.0,3.0,3.0,3.0,3.0,2.0,48.0,49.0,45.0,42.0,32.0,53.0,44.0,49.0,43.0,45.0,,,,,,,,,,,,,,,3.0,3.0,3.0,3.0,3.0,15.0,14.0,13.0,13.0,14.0,6.0,5.0,4.0,4.0,4.0,,,,,,13.0,12.0,11.0,11.0,12.0,,,,,,8.0,7.0,6.0,7.0,6.0,,,,,,4.0,4.0,4.0,4.0,4.0,,,,,,18.0,18.0,18.0,17.0,17.0,4.0,4.0,3.0,3.0,3.0,8.0,8.0,5.0,5.0,6.0,23.0,23.0,19.0,17.0,20.0,,,,,7485.21,7485.07,7485.07,7485.33,7484.88,40.85,40.85,40.85,40.85,40.85,-101.65,-101.65,-101.65,-101.65,-101.65,,,,,,,,,,,0.0,3939.0,4051.0,4273.0,4262.0,1899.0,1955.0,2006.0,2285.0,2275.0,3443.0,3141.0,2800.0,2895.0,3817.0,,,,,,1845.0,2042.0,2105.0,2240.0,2259.0,,,,,,556.0,536.0,514.0,566.0,603.0,,,,,,168.0,191.0,198.0,191.0,180.0,,,,,,4109.0,4098.0,4548.0,4792.0,5128.0,72.0,59.0,55.0,53.0,57.0,535.0,497.0,482.0,460.0,539.0,1324.0,1366.0,1333.0,1260.0,1407.0,,,,,0.0,0.0,0.0,0.0,0.0,3,3,3,3,3,0.0,0.0,0.0,0.0,0.0
1.0,46103,Pennington County,18.0,26.0,20.0,27.0,15.0,246.0,274.0,238.0,67.0,96.0,389.0,517.0,876.0,919.0,917.0,3987.0,3928.0,3756.0,4304.0,4229.0,1921.0,1901.0,1886.0,1964.0,1995.0,1141.0,1098.0,1019.0,900.0,893.0,2808.0,2634.0,2453.0,2267.0,1797.0,677.0,737.0,673.0,682.0,774.0,1936.0,1869.0,1854.0,1898.0,1845.0,614.0,433.0,426.0,392.0,398.0,1915.0,1912.0,2116.0,2060.0,2173.0,978.0,1007.0,766.0,692.0,530.0,10165.0,9967.0,9944.0,10639.0,10834.0,964.0,891.0,937.0,910.0,938.0,6904.0,6886.0,6793.0,7062.0,6720.0,2283.0,2393.0,2396.0,2365.0,2266.0,2.0,14.0,3.0,1.0,11.0,12.0,11.0,12.0,9.0,12.0,11.0,8.0,5.0,6.0,14.0,13.0,12.0,12.0,12.0,444.0,441.0,443.0,455.0,488.0,162.0,157.0,152.0,155.0,160.0,58.0,55.0,53.0,51.0,53.0,239.0,227.0,218.0,218.0,221.0,229.0,230.0,226.0,226.0,256.0,319.0,320.0,319.0,325.0,329.0,29.0,27.0,22.0,22.0,20.0,183.0,173.0,175.0,189.0,194.0,43.0,42.0,43.0,45.0,46.0,390.0,388.0,406.0,412.0,420.0,122.0,112.0,114.0,117.0,112.0,382.0,380.0,376.0,376.0,403.0,381.0,375.0,371.0,381.0,404.0,8.0,6.0,5.0,4.0,7212.57,7212.52,7212.48,7212.14,7212.52,48.05,48.05,48.05,48.05,48.05,-96.08,-96.08,-96.08,-96.08,-96.08,503.0,598.0,836.0,1068.0,1060.0,20272.0,21333.0,19222.0,4803.0,7367.0,50207.0,61626.0,106827.0,108308.0,107821.0,190555.0,188932.0,193642.0,232013.0,256947.0,99002.0,100207.0,105055.0,119216.0,138342.0,44512.0,46814.0,46303.0,40592.0,43180.0,147023.0,141832.0,133204.0,147164.0,134722.0,23774.0,26079.0,25176.0,25507.0,32018.0,100332.0,108387.0,107057.0,113771.0,105273.0,34324.0,18922.0,19545.0,20922.0,25031.0,64029.0,59657.0,61134.0,65003.0,75984.0,28150.0,23907.0,16215.0,15734.0,14804.0,531345.0,504660.0,539239.0,586044.0,651222.0,22821.0,21413.0,22830.0,22275.0,26224.0,131062.0,137152.0,141470.0,130950.0,168965.0,66210.0,69704.0,72609.0,71654.0,76718.0,163.0,215.0,185.0,106.0,0.15,0.17,0.17,0.21,0.18,108,109,111,113,109,2.25,2.17,2.12,2.12,2.02
1.0,46121,Todd County,,,,,,,,,,,,,,,,,,,,26.0,,,,26.0,34.0,18.0,20.0,,,,15.0,20.0,16.0,16.0,14.0,0.0,5.0,6.0,5.0,3.0,,,,,8.0,,,,,,,,,,,49.0,41.0,38.0,44.0,27.0,267.0,347.0,343.0,324.0,314.0,,,,,,,,,,,79.0,70.0,69.0,82.0,61.0,,,,,,,,,,,,,,,,,,,,,,,,3.0,,,,3.0,3.0,3.0,3.0,,,,3.0,4.0,4.0,4.0,4.0,3.0,3.0,3.0,4.0,4.0,,,,,3.0,,,,,,,,,,,4.0,4.0,4.0,4.0,3.0,5.0,7.0,7.0,8.0,8.0,,,,,,,,,,,8.0,8.0,6.0,6.0,7.0,,,,,3602.15,3602.15,3602.16,3602.14,3602.15,46.06,46.06,46.06,46.06,46.06,-94.89,-94.89,-94.89,-94.89,-94.89,,,,,,,,,,,,,,,,,,,,1163.0,,,,796.0,934.0,753.0,819.0,,,,494.0,565.0,552.0,537.0,376.0,0.0,194.0,164.0,217.0,233.0,,,,,510.0,,,,,,,,,,,799.0,810.0,874.0,916.0,1085.0,17357.0,19888.0,19909.0,20700.0,20565.0,,,,,,,,,,,2036.0,1987.0,2066.0,2176.0,2058.0,,,,,0.0,0.0,0.0,0.0,0.0,10,10,10,10,9,0.0,0.0,0.0,0.0,0.0
1.0,46097,Miner County,,,,,,,,,,,,,,,,24.0,23.0,27.0,29.0,28.0,42.0,40.0,43.0,41.0,37.0,,,,,,24.0,26.0,26.0,26.0,22.0,,,,,,22.0,19.0,,,,,,,,,,,,,,,,,,,124.0,134.0,119.0,136.0,135.0,,,,,,38.0,60.0,42.0,53.0,33.0,27.0,33.0,30.0,26.0,35.0,,,,,,,,,,,,,,,,,,,,5.0,8.0,8.0,6.0,6.0,4.0,5.0,5.0,5.0,4.0,,,,,,6.0,6.0,6.0,6.0,6.0,,,,,,4.0,3.0,,,,,,,,,,,,,,,,,,,8.0,8.0,8.0,10.0,9.0,,,,,,10.0,11.0,11.0,11.0,11.0,12.0,12.0,10.0,10.0,9.0,,,,,1481.14,1481.16,1481.16,1481.29,1481.16,44.01,44.01,44.01,44.01,44.01,-97.6,-97.6,-97.6,-97.6,-97.6,,,,,,,,,,,,,,,,916.0,1151.0,1224.0,1260.0,1333.0,1914.0,2001.0,1973.0,2014.0,2013.0,,,,,,751.0,887.0,911.0,967.0,996.0,,,,,,454.0,510.0,,,,,,,,,,,,,,,,,,,3334.0,3166.0,3209.0,3649.0,3929.0,,,,,,442.0,494.0,475.0,330.0,361.0,835.0,1271.0,1523.0,1223.0,1413.0,,,,,0.0,0.0,0.0,0.0,0.0,2,2,2,2,2,0.0,0.0,0.0,0.0,0.0
0.0,46127,Union County,,,,,,,,,,,32.0,36.0,31.0,36.0,29.0,378.0,409.0,374.0,404.0,423.0,851.0,933.0,948.0,1009.0,1002.0,0.0,52.0,55.0,54.0,53.0,1078.0,1059.0,1033.0,938.0,885.0,61.0,57.0,61.0,86.0,74.0,306.0,282.0,268.0,260.0,342.0,936.0,852.0,1174.0,865.0,1081.0,1203.0,507.0,361.0,315.0,282.0,27.0,26.0,31.0,58.0,60.0,1089.0,1123.0,1199.0,1179.0,1162.0,200.0,183.0,165.0,133.0,144.0,353.0,345.0,511.0,457.0,385.0,226.0,218.0,235.0,230.0,202.0,,,,,,,,,,,,,,,5.0,5.0,5.0,6.0,4.0,48.0,46.0,47.0,45.0,51.0,48.0,47.0,52.0,51.0,51.0,4.0,4.0,5.0,4.0,4.0,47.0,43.0,45.0,45.0,47.0,23.0,24.0,25.0,30.0,30.0,42.0,43.0,48.0,42.0,45.0,12.0,12.0,13.0,13.0,11.0,26.0,23.0,21.0,19.0,21.0,3.0,6.0,5.0,4.0,4.0,67.0,67.0,72.0,72.0,76.0,14.0,15.0,12.0,12.0,16.0,34.0,37.0,39.0,38.0,39.0,37.0,39.0,40.0,41.0,41.0,,,,,1209.77,1209.77,1209.77,1209.98,1209.94,37.46,37.46,37.46,37.46,37.46,-89.25,-89.25,-89.25,-89.25,-89.25,,,,,,,,,,,2387.0,2430.0,2283.0,2233.0,2238.0,19228.0,22128.0,22952.0,24408.0,28021.0,58026.0,61366.0,64825.0,66443.0,74062.0,0.0,2429.0,2449.0,2741.0,2435.0,47632.0,45981.0,48170.0,51859.0,57308.0,1937.0,2080.0,2428.0,4267.0,3171.0,17100.0,16013.0,16175.0,16851.0,20197.0,98962.0,99706.0,133418.0,103072.0,138876.0,29239.0,20270.0,19433.0,19348.0,18699.0,109.0,172.0,265.0,273.0,353.0,64335.0,68387.0,72854.0,73567.0,82264.0,3730.0,3801.0,3786.0,2629.0,4680.0,5034.0,5154.0,6415.0,5645.0,6735.0,4572.0,4589.0,5474.0,6455.0,5663.0,,,,,0.0,0.0,0.0,0.0,0.0,15,15,15,16,16,0.0,0.0,0.0,0.0,0.0
